SUMLEV,STATE,COUNTY,PLACE,COUSUB,CONCIT,NAME,STNAME,CENSUS2010POP,ESTIMATESBASE2010,POPESTIMATE2010,POPESTIMATE2011,POPESTIMATE2012
040,01,000,00000,00000,00000,Alabama,Alabama,4779736,4779745,4784762,4803689,4822023
162,01,000,00124,00000,00000,Abbeville city,Alabama,2688,2688,2682,2688,2654
162,01,000,00460,00000,00000,Adamsville city,Alabama,4522,4522,4518,4504,4490
162,01,000,00484,00000,00000,Addison town,Alabama,758,756,753,751,746
162,01,000,00676,00000,00000,Akron town,Alabama,356,356,355,345,344
162,01,000,00820,00000,00000,Alabaster city,Alabama,30352,30359,30460,30690,30991
162,01,000,00988,00000,00000,Albertville city,Alabama,21160,21128,21160,21378,21516
162,01,000,01132,00000,00000,Alexander City city,Alabama,14875,14875,14837,14832,14728
162,01,000,01228,00000,00000,Aliceville city,Alabama,2486,2478,2471,2429,2432
162,01,000,01396,00000,00000,Allgood town,Alabama,622,622,622,627,628
162,01,000,01660,00000,00000,Altoona town,Alabama,933,933,933,931,932
162,01,000,01708,00000,00000,Andalusia city,Alabama,9015,9015,9020,9099,9064
162,01,000,01756,00000,00000,Anderson town,Alabama,282,282,282,281,281
162,01,000,01852,00000,00000,Anniston city,Alabama,23106,23106,23055,22896,22749
162,01,000,02116,00000,00000,Arab city,Alabama,8050,8050,8066,8161,8237
162,01,000,02260,00000,00000,Ardmore town,Alabama,1194,1194,1203,1248,1278
162,01,000,02320,00000,00000,Argo town,Alabama,4071,4071,4080,4096,4131
162,01,000,02428,00000,00000,Ariton town,Alabama,764,762,763,756,761
162,01,000,02500,00000,00000,Arley town,Alabama,357,359,358,356,354
162,01,000,02836,00000,00000,Ashford town,Alabama,2148,2141,2144,2152,2169
162,01,000,02860,00000,00000,Ashland town,Alabama,2037,2037,2031,1984,1952
162,01,000,02908,00000,00000,Ashville city,Alabama,2212,2212,2219,2224,2234
162,01,000,02956,00000,00000,Athens city,Alabama,21897,21897,22029,22801,23469
162,01,000,03004,00000,00000,Atmore city,Alabama,10194,10194,10187,10153,10121
162,01,000,03028,00000,00000,Attalla city,Alabama,6048,6048,6044,6019,6010
162,01,000,03076,00000,00000,Auburn city,Alabama,53380,53496,53856,54872,56908
162,01,000,03220,00000,00000,Autaugaville town,Alabama,870,880,880,885,884
162,01,000,03364,00000,00000,Avon town,Alabama,543,543,544,543,544
162,01,000,03556,00000,00000,Babbie town,Alabama,603,603,603,609,607
162,01,000,03676,00000,00000,Baileyton town,Alabama,610,610,611,611,610
162,01,000,03724,00000,00000,Bakerhill town,Alabama,279,279,278,275,273
162,01,000,03940,00000,00000,Banks town,Alabama,179,179,179,179,180
162,01,000,04660,00000,00000,Bay Minette city,Alabama,8044,8044,8075,8182,8316
162,01,000,04684,00000,00000,Bayou La Batre city,Alabama,2558,2558,2696,2676,2659
162,01,000,04852,00000,00000,Bear Creek town,Alabama,1070,1070,1071,1069,1062
162,01,000,04900,00000,00000,Beatrice town,Alabama,301,302,301,299,297
162,01,000,04948,00000,00000,Beaverton town,Alabama,201,198,197,195,194
162,01,000,05164,00000,00000,Belk town,Alabama,215,215,215,213,212
162,01,000,05692,00000,00000,Benton town,Alabama,49,49,49,48,47
162,01,000,05932,00000,00000,Berry town,Alabama,1148,1148,1147,1134,1130
162,01,000,05980,00000,00000,Bessemer city,Alabama,27456,27463,27437,27388,27289
162,01,000,06460,00000,00000,Billingsley town,Alabama,144,144,144,145,145
162,01,000,07000,00000,00000,Birmingham city,Alabama,212237,212288,212149,212411,212038
162,01,000,07120,00000,00000,Black town,Alabama,207,207,207,207,208
162,01,000,07456,00000,00000,Blountsville town,Alabama,1684,1684,1685,1695,1694
162,01,000,07672,00000,00000,Blue Springs town,Alabama,96,96,96,95,94
162,01,000,07912,00000,00000,Boaz city,Alabama,9551,9468,9487,9579,9653
162,01,000,08104,00000,00000,Boligee town,Alabama,328,328,327,324,323
162,01,000,08248,00000,00000,Bon Air town,Alabama,116,116,116,115,115
162,01,000,09016,00000,00000,Brantley town,Alabama,809,809,807,812,817
162,01,000,09136,00000,00000,Brent city,Alabama,4947,4947,4939,4927,4905
162,01,000,09208,00000,00000,Brewton city,Alabama,5408,5401,5395,5368,5347
162,01,000,09328,00000,00000,Bridgeport city,Alabama,2418,2418,2412,2411,2395
162,01,000,09400,00000,00000,Brighton city,Alabama,2945,2945,2944,2932,2919
162,01,000,09424,00000,00000,Brilliant town,Alabama,900,900,900,899,894
162,01,000,09736,00000,00000,Brookside town,Alabama,1363,1363,1362,1356,1357
162,01,000,09808,00000,00000,Brookwood town,Alabama,1828,1828,1828,1837,1842
162,01,000,10240,00000,00000,Brundidge city,Alabama,2076,2076,2077,2068,2074
162,01,000,11032,00000,00000,Butler town,Alabama,1894,1890,1887,1861,1859
162,01,000,11416,00000,00000,Calera city,Alabama,11620,11622,11743,12148,12472
162,01,000,11512,00000,00000,Camden city,Alabama,2020,2020,2005,2002,1990
162,01,000,11680,00000,00000,Camp Hill town,Alabama,1014,1014,1011,1009,999
162,01,000,12016,00000,00000,Carbon Hill city,Alabama,2021,2021,2021,2010,1996
162,01,000,12040,00000,00000,Cardiff town,Alabama,55,55,55,55,55
162,01,000,12160,00000,00000,Carolina town,Alabama,297,297,297,300,299
162,01,000,12304,00000,00000,Carrollton town,Alabama,1019,1019,1017,1004,1006
162,01,000,12496,00000,00000,Castleberry town,Alabama,583,592,591,587,582
162,01,000,12760,00000,00000,Cedar Bluff town,Alabama,1820,1822,1822,1827,1816
162,01,000,13264,00000,00000,Center Point city,Alabama,16921,16931,16938,16948,16961
162,01,000,13648,00000,00000,Centre city,Alabama,3489,3489,3490,3512,3574
162,01,000,13672,00000,00000,Centreville city,Alabama,2778,2778,2769,2749,2723
162,01,000,14008,00000,00000,Chatom town,Alabama,1288,1288,1289,1273,1256
162,01,000,14104,00000,00000,Chelsea city,Alabama,10183,10347,10405,10560,10801
162,01,000,14152,00000,00000,Cherokee town,Alabama,1048,1048,1049,1043,1038
162,01,000,14392,00000,00000,Chickasaw city,Alabama,6106,6106,6090,6059,6023
162,01,000,14464,00000,00000,Childersburg city,Alabama,5175,5182,5162,5145,5124
162,01,000,15064,00000,00000,Citronelle city,Alabama,3905,3905,3900,3899,3886
162,01,000,15136,00000,00000,Clanton city,Alabama,8619,8619,8631,8666,8669
162,01,000,15256,00000,00000,Clay city,Alabama,9708,9705,9701,9737,9727
162,01,000,15304,00000,00000,Clayhatchee town,Alabama,589,589,589,584,588
162,01,000,15376,00000,00000,Clayton town,Alabama,3008,3008,3003,2988,2976
162,01,000,15472,00000,00000,Cleveland town,Alabama,1303,1303,1304,1313,1316
162,01,000,15640,00000,00000,Clio city,Alabama,1399,1399,1394,1564,1553
162,01,000,16000,00000,00000,Coaling town,Alabama,1657,1660,1660,1668,1673
162,01,000,16240,00000,00000,Coffee Springs town,Alabama,228,228,228,228,229
162,01,000,16264,00000,00000,Coffeeville town,Alabama,352,352,351,349,344
162,01,000,16312,00000,00000,Coker town,Alabama,979,976,976,982,985
162,01,000,16600,00000,00000,Collinsville town,Alabama,1983,1983,1983,1991,1979
162,01,000,16684,00000,00000,Colony town,Alabama,268,268,268,268,268
162,01,000,16744,00000,00000,Columbia town,Alabama,740,740,741,741,745
162,01,000,16768,00000,00000,Columbiana city,Alabama,4197,4150,4156,4175,4203
162,01,000,17176,00000,00000,Coosada town,Alabama,1224,1224,1230,1231,1232
162,01,000,17368,00000,00000,Cordova city,Alabama,2095,2095,2093,2079,2061
162,01,000,17824,00000,00000,Cottonwood town,Alabama,1289,1289,1291,1290,1294
162,01,000,17968,00000,00000,County Line town,Alabama,258,258,258,260,260
162,01,000,18040,00000,00000,Courtland town,Alabama,609,617,616,613,609
162,01,000,18088,00000,00000,Cowarts town,Alabama,1871,1894,1897,1899,1929
162,01,000,18304,00000,00000,Creola city,Alabama,1926,1926,1923,1923,1924
162,01,000,18856,00000,00000,Crossville town,Alabama,1862,1862,1862,1867,1853
162,01,000,18952,00000,00000,Cuba town,Alabama,346,346,345,338,333
162,01,000,18976,00000,00000,Cullman city,Alabama,14775,14798,14812,14806,14864
162,01,000,19216,00000,00000,Cusseta town,Alabama,123,123,123,122,123
162,01,000,19336,00000,00000,Dadeville city,Alabama,3230,3229,3219,3213,3194
162,01,000,19360,00000,00000,Daleville city,Alabama,5295,5295,5301,5247,5270
162,01,000,19648,00000,00000,Daphne city,Alabama,21570,21564,21804,22290,22845
162,01,000,19744,00000,00000,Dauphin Island town,Alabama,1238,1238,1235,1236,1236
162,01,000,19816,00000,00000,Daviston town,Alabama,214,214,213,214,212
162,01,000,19912,00000,00000,Dayton town,Alabama,52,52,52,51,51
162,01,000,20008,00000,00000,Deatsville town,Alabama,1154,1154,1157,1163,1166
162,01,000,20104,00000,00000,Decatur city,Alabama,55683,55677,55711,55858,55996
162,01,000,20296,00000,00000,Demopolis city,Alabama,7483,7483,7451,7401,7292
162,01,000,20392,00000,00000,Detroit town,Alabama,237,237,236,233,232
162,01,000,20955,00000,00000,Dodge City town,Alabama,593,593,593,594,593
162,01,000,21136,00000,00000,Dora city,Alabama,2025,2025,2025,2016,2000
162,01,000,21184,00000,00000,Dothan city,Alabama,65496,65926,66113,66666,67382
162,01,000,21280,00000,00000,Double Springs town,Alabama,1083,1084,1081,1076,1068
162,01,000,21328,00000,00000,Douglas town,Alabama,744,744,745,753,758
162,01,000,21448,00000,00000,Dozier town,Alabama,329,329,328,331,334
162,01,000,21952,00000,00000,Dutton town,Alabama,315,315,315,315,314
162,01,000,22216,00000,00000,East Brewton city,Alabama,2478,2478,2476,2461,2447
162,01,000,22816,00000,00000,Eclectic town,Alabama,1001,1001,1004,1009,1012
162,01,000,23176,00000,00000,Edwardsville town,Alabama,202,202,202,202,200
162,01,000,23296,00000,00000,Elba city,Alabama,3940,3940,3948,3935,3953
162,01,000,23320,00000,00000,Elberta town,Alabama,1498,1517,1524,1549,1577
162,01,000,23344,00000,00000,Eldridge town,Alabama,130,130,130,130,129
162,01,000,23488,00000,00000,Elkmont town,Alabama,434,426,428,438,448
162,01,000,23656,00000,00000,Elmore town,Alabama,1262,1272,1275,1282,1285
162,01,000,23872,00000,00000,Emelle town,Alabama,53,53,53,52,51
162,01,000,24184,00000,00000,Enterprise city,Alabama,26562,26615,26752,27170,27789
162,01,000,24256,00000,00000,Epes town,Alabama,192,193,193,189,187
162,01,000,24472,00000,00000,Ethelsville town,Alabama,81,76,76,75,75
162,01,000,24568,00000,00000,Eufaula city,Alabama,13137,13134,13085,12956,12943
162,01,000,24664,00000,00000,Eutaw town,Alabama,2934,2934,2918,2897,2883
162,01,000,24688,00000,00000,Eva town,Alabama,519,519,519,520,521
162,01,000,24808,00000,00000,Evergreen city,Alabama,3944,3947,3937,3906,3866
162,01,000,24880,00000,00000,Excel town,Alabama,723,723,720,713,705
162,01,000,25120,00000,00000,Fairfield city,Alabama,11117,11117,11106,11070,11029
162,01,000,25240,00000,00000,Fairhope city,Alabama,15326,15326,15427,15939,16479
162,01,000,25384,00000,00000,Fairview town,Alabama,446,448,448,448,448
162,01,000,25648,00000,00000,Falkville town,Alabama,1279,1279,1280,1281,1281
162,01,000,25816,00000,00000,Faunsdale town,Alabama,98,98,98,96,95
162,01,000,25840,00000,00000,Fayette city,Alabama,4619,4619,4612,4566,4550
162,01,000,26200,00000,00000,Five Points town,Alabama,141,141,140,140,141
162,01,000,26824,00000,00000,Flomaton town,Alabama,1440,1440,1439,1437,1427
162,01,000,26848,00000,00000,Florala town,Alabama,1980,1980,1981,1994,1986
162,01,000,26896,00000,00000,Florence city,Alabama,39319,39339,39345,39420,39447
162,01,000,26992,00000,00000,Foley city,Alabama,14618,14700,14782,15075,15402
162,01,000,27376,00000,00000,Forkland town,Alabama,649,645,642,635,632
162,01,000,27520,00000,00000,Fort Deposit town,Alabama,1344,1343,1338,1320,1290
162,01,000,27616,00000,00000,Fort Payne city,Alabama,14012,14110,14108,14184,14104
162,01,000,28024,00000,00000,Franklin town,Alabama,149,149,150,147,142
162,01,000,28312,00000,00000,Frisco City town,Alabama,1309,1309,1304,1290,1280
162,01,000,28432,00000,00000,Fruithurst town,Alabama,284,284,284,283,282
162,01,000,28504,00000,00000,Fulton town,Alabama,272,272,271,270,265
162,01,000,28552,00000,00000,Fultondale city,Alabama,8380,8380,8383,8448,8570
162,01,000,28672,00000,00000,Fyffe town,Alabama,1018,1018,1018,1026,1023
162,01,000,28696,00000,00000,Gadsden city,Alabama,36856,36878,36867,36736,36674
162,01,000,28768,00000,00000,Gainesville town,Alabama,208,208,207,203,202
162,01,000,28936,00000,00000,Gantt town,Alabama,222,222,222,224,223
162,01,000,29032,00000,00000,Garden City town,Alabama,492,492,492,493,490
162,01,000,29056,00000,00000,Gardendale city,Alabama,13893,13897,13905,13883,13849
162,01,000,29296,00000,00000,Gaylesville town,Alabama,144,144,144,145,144
162,01,000,29392,00000,00000,Geiger town,Alabama,170,170,170,166,165
162,01,000,29464,00000,00000,Geneva city,Alabama,4452,4457,4461,4464,4491
162,01,000,29560,00000,00000,Georgiana town,Alabama,1738,1738,1735,1709,1683
162,01,000,29608,00000,00000,Geraldine town,Alabama,896,899,899,904,900
162,01,000,29704,00000,00000,Gilbertown town,Alabama,215,215,215,212,212
162,01,000,29944,00000,00000,Glen Allen town,Alabama,510,510,509,505,504
162,01,000,29992,00000,00000,Glencoe city,Alabama,5160,5160,5167,5181,5208
162,01,000,30160,00000,00000,Glenwood town,Alabama,187,187,186,188,189
162,01,000,30448,00000,00000,Goldville town,Alabama,55,55,55,55,54
162,01,000,30496,00000,00000,Good Hope town,Alabama,2264,2264,2266,2267,2258
162,01,000,30640,00000,00000,Goodwater town,Alabama,1475,1475,1474,1417,1396
162,01,000,30736,00000,00000,Gordo town,Alabama,1750,1750,1745,1718,1720
162,01,000,30760,00000,00000,Gordon town,Alabama,332,330,330,329,331
162,01,000,30808,00000,00000,Gordonville town,Alabama,326,326,325,322,315
162,01,000,30880,00000,00000,Goshen town,Alabama,266,266,266,266,267
162,01,000,31096,00000,00000,Grant town,Alabama,896,900,902,908,912
162,01,000,31384,00000,00000,Graysville city,Alabama,2165,2165,2162,2158,2148
162,01,000,31720,00000,00000,Greensboro city,Alabama,2497,2497,2488,2437,2435
162,01,000,31912,00000,00000,Greenville city,Alabama,8135,8135,8129,8000,7896
162,01,000,32056,00000,00000,Grimes town,Alabama,558,558,558,554,557
162,01,000,32080,00000,00000,Grove Hill town,Alabama,1570,1569,1563,1552,1525
162,01,000,32224,00000,00000,Guin city,Alabama,2376,2376,2377,2369,2355
162,01,000,32272,00000,00000,Gulf Shores city,Alabama,9741,9741,9782,9936,10118
162,01,000,32416,00000,00000,Guntersville city,Alabama,8197,8197,8211,8285,8343
162,01,000,32440,00000,00000,Gurley town,Alabama,801,801,801,799,796
162,01,000,32536,00000,00000,Gu-Win town,Alabama,176,176,176,176,175
162,01,000,32560,00000,00000,Hackleburg town,Alabama,1516,1516,1517,1513,1503
162,01,000,32656,00000,00000,Haleburg town,Alabama,103,103,103,103,102
162,01,000,32704,00000,00000,Haleyville city,Alabama,4173,4174,4156,4135,4103
162,01,000,32848,00000,00000,Hamilton city,Alabama,6885,6885,6887,6670,6629
162,01,000,32896,00000,00000,Hammondville town,Alabama,488,488,488,488,486
162,01,000,32968,00000,00000,Hanceville city,Alabama,2982,3108,3116,3140,3159
162,01,000,33256,00000,00000,Harpersville town,Alabama,1637,1651,1655,1664,1673
162,01,000,33424,00000,00000,Hartford city,Alabama,2624,2624,2629,2633,2647
162,01,000,33448,00000,00000,Hartselle city,Alabama,14255,14259,14271,14429,14489
162,01,000,33640,00000,00000,Hayden town,Alabama,444,1331,1332,1339,1341
162,01,000,33712,00000,00000,Hayneville town,Alabama,932,933,929,918,897
162,01,000,33856,00000,00000,Headland city,Alabama,4510,4510,4524,4624,4651
162,01,000,33904,00000,00000,Heath town,Alabama,254,256,256,259,258
162,01,000,33976,00000,00000,Heflin city,Alabama,3480,3480,3480,3484,3457
162,01,000,34024,00000,00000,Helena city,Alabama,16793,16867,16921,17054,17209
162,01,000,34096,00000,00000,Henagar city,Alabama,2344,2344,2344,2355,2343
162,01,000,34480,00000,00000,Highland Lake town,Alabama,412,412,414,417,418
162,01,000,34816,00000,00000,Hillsboro town,Alabama,552,547,546,541,535
162,01,000,35152,00000,00000,Hobson City town,Alabama,771,771,770,764,762
162,01,000,35200,00000,00000,Hodges town,Alabama,288,286,286,287,286
162,01,000,35392,00000,00000,Hokes Bluff city,Alabama,4286,4286,4290,4302,4343
162,01,000,35560,00000,00000,Holly Pond town,Alabama,798,798,799,799,798
162,01,000,35632,00000,00000,Hollywood town,Alabama,1000,1000,999,998,992
162,01,000,35800,00000,00000,Homewood city,Alabama,25167,25167,25153,25092,25262
162,01,000,35896,00000,00000,Hoover city,Alabama,81619,81113,81276,81955,83412
162,01,000,36088,00000,00000,Horn Hill town,Alabama,228,228,228,230,230
162,01,000,36448,00000,00000,Hueytown city,Alabama,16105,16103,16096,16048,15991
162,01,000,37000,00000,00000,Huntsville city,Alabama,180105,180176,180779,182082,183739
162,01,000,37096,00000,00000,Hurtsboro town,Alabama,553,553,553,554,585
162,01,000,37264,00000,00000,Hytop town,Alabama,354,354,353,354,353
162,01,000,37312,00000,00000,Ider town,Alabama,723,723,723,725,719
162,01,000,37465,00000,00000,Indian Springs Village city,Alabama,2363,2413,2422,2437,2463
162,01,000,37864,00000,00000,Irondale city,Alabama,12349,12356,12349,12374,12426
162,01,000,38152,00000,00000,Jackson city,Alabama,5228,5224,5209,5174,5080
162,01,000,38248,00000,00000,Jacksons' Gap town,Alabama,828,828,826,824,817
162,01,000,38272,00000,00000,Jacksonville city,Alabama,12548,12556,12565,12473,12430
162,01,000,38416,00000,00000,Jasper city,Alabama,14352,14388,14387,14324,14235
162,01,000,38608,00000,00000,Jemison city,Alabama,2585,2585,2589,2597,2598
162,01,000,39280,00000,00000,Kansas town,Alabama,226,226,226,225,224
162,01,000,39472,00000,00000,Kellyton town,Alabama,217,217,217,209,206
162,01,000,39520,00000,00000,Kennedy town,Alabama,447,447,445,439,438
162,01,000,39784,00000,00000,Killen town,Alabama,1108,990,992,992,989
162,01,000,39856,00000,00000,Kimberly town,Alabama,2711,2706,2721,2740,2781
162,01,000,40072,00000,00000,Kinsey town,Alabama,2198,2198,2203,2204,2222
162,01,000,40096,00000,00000,Kinston town,Alabama,540,540,541,540,544
162,01,000,40672,00000,00000,La Fayette city,Alabama,3003,3003,2994,2982,2985
162,01,000,40888,00000,00000,Lakeview town,Alabama,143,143,143,144,143
162,01,000,40928,00000,00000,Lake View town,Alabama,1943,1943,1954,2000,2036
162,01,000,41296,00000,00000,Lanett city,Alabama,6468,6468,6452,6424,6431
162,01,000,41368,00000,00000,Langston town,Alabama,270,270,270,270,269
162,01,000,41968,00000,00000,Leeds city,Alabama,11773,11772,11799,11831,11885
162,01,000,42016,00000,00000,Leesburg town,Alabama,1027,1024,1024,1028,1021
162,01,000,42160,00000,00000,Leighton town,Alabama,729,729,729,727,725
162,01,000,42352,00000,00000,Lester town,Alabama,111,111,112,114,117
162,01,000,42472,00000,00000,Level Plains town,Alabama,2085,2079,2083,2070,2090
162,01,000,42640,00000,00000,Lexington town,Alabama,735,735,735,733,731
162,01,000,42808,00000,00000,Libertyville town,Alabama,117,115,115,116,116
162,01,000,43120,00000,00000,Lincoln city,Alabama,6266,6261,6255,6281,6337
162,01,000,43240,00000,00000,Linden city,Alabama,2123,2123,2114,2084,2055
162,01,000,43264,00000,00000,Lineville city,Alabama,2395,2395,2385,2348,2308
162,01,000,43336,00000,00000,Lipscomb city,Alabama,2210,2210,2207,2200,2194
162,01,000,43384,00000,00000,Lisman town,Alabama,539,539,538,529,527
162,01,000,43648,00000,00000,Littleville town,Alabama,1011,1011,1011,1006,1005
162,01,000,43720,00000,00000,Livingston city,Alabama,3485,3458,3454,3483,3459
162,01,000,43744,00000,00000,Loachapoka town,Alabama,180,180,180,181,184
162,01,000,43816,00000,00000,Lockhart town,Alabama,516,516,516,521,519
162,01,000,43888,00000,00000,Locust Fork town,Alabama,1186,1186,1187,1195,1198
162,01,000,44344,00000,00000,Louisville town,Alabama,519,519,517,510,504
162,01,000,44536,00000,00000,Lowndesboro town,Alabama,115,115,114,114,111
162,01,000,44608,00000,00000,Loxley town,Alabama,1632,1630,1638,1659,1680
162,01,000,44728,00000,00000,Luverne city,Alabama,2800,2800,2793,2810,2845
162,01,000,44800,00000,00000,Lynn town,Alabama,659,658,655,651,647
162,01,000,45472,00000,00000,McIntosh town,Alabama,238,236,236,233,230
162,01,000,45496,00000,00000,McKenzie town,Alabama,530,530,530,522,515
162,01,000,45640,00000,00000,McMullen town,Alabama,10,10,10,10,10
162,01,000,45784,00000,00000,Madison city,Alabama,42938,42938,43315,44044,44972
162,01,000,45904,00000,00000,Madrid town,Alabama,350,350,350,349,349
162,01,000,46072,00000,00000,Magnolia Springs town,Alabama,723,723,725,738,751
162,01,000,46264,00000,00000,Malvern town,Alabama,1448,1448,1449,1447,1455
162,01,000,46504,00000,00000,Maplesville town,Alabama,708,708,709,709,707
162,01,000,46696,00000,00000,Margaret town,Alabama,4428,4420,4429,4443,4470
162,01,000,46768,00000,00000,Marion city,Alabama,3686,3685,3666,3674,3574
162,01,000,47728,00000,00000,Maytown town,Alabama,385,385,385,382,382
162,01,000,48052,00000,00000,Memphis town,Alabama,29,29,29,28,29
162,01,000,48064,00000,00000,Mentone town,Alabama,360,361,361,364,363
162,01,000,48376,00000,00000,Midfield city,Alabama,5365,5365,5361,5346,5323
162,01,000,48400,00000,00000,Midland City town,Alabama,2344,2161,2200,2384,2403
162,01,000,48424,00000,00000,Midway town,Alabama,499,499,497,483,477
162,01,000,48712,00000,00000,Millbrook city,Alabama,14640,14637,14685,14840,14952
162,01,000,48808,00000,00000,Millport town,Alabama,1049,1049,1045,1032,1028
162,01,000,48832,00000,00000,Millry town,Alabama,546,546,546,539,532
162,01,000,50000,00000,00000,Mobile city,Alabama,195111,195092,195075,194684,194822
162,01,000,50192,00000,00000,Monroeville city,Alabama,6519,6501,6473,6417,6363
162,01,000,50312,00000,00000,Montevallo city,Alabama,6323,6283,6303,6388,6452
162,01,000,51000,00000,00000,Montgomery city,Alabama,205764,205600,205935,207807,205293
162,01,000,51096,00000,00000,Moody city,Alabama,11726,11727,11775,11937,12150
162,01,000,51264,00000,00000,Mooresville town,Alabama,53,53,53,55,56
162,01,000,51456,00000,00000,Morris town,Alabama,1859,1859,1858,1873,1887
162,01,000,51520,00000,00000,Mosses town,Alabama,1029,1029,1025,1012,989
162,01,000,51600,00000,00000,Moulton city,Alabama,3471,3469,3466,3443,3414
162,01,000,51648,00000,00000,Moundville town,Alabama,2427,2427,2430,2428,2441
162,01,000,51696,00000,00000,Mountain Brook city,Alabama,20413,20426,20413,20393,20369
162,01,000,52608,00000,00000,Mount Vernon town,Alabama,1574,1570,1566,1564,1562
162,01,000,52776,00000,00000,Mulga town,Alabama,836,836,836,833,829
162,01,000,52848,00000,00000,Munford town,Alabama,1292,1292,1287,1280,1278
162,01,000,53016,00000,00000,Muscle Shoals city,Alabama,13146,13156,13194,13284,13371
162,01,000,53112,00000,00000,Myrtlewood town,Alabama,130,130,129,128,126
162,01,000,53256,00000,00000,Napier Field town,Alabama,354,354,354,351,353
162,01,000,53376,00000,00000,Natural Bridge town,Alabama,37,37,37,37,36
162,01,000,53400,00000,00000,Nauvoo town,Alabama,221,217,217,216,215
162,01,000,53448,00000,00000,Nectar town,Alabama,345,342,342,345,345
162,01,000,53472,00000,00000,Needham town,Alabama,94,95,95,93,94
162,01,000,53784,00000,00000,Newbern town,Alabama,186,186,185,181,181
162,01,000,53856,00000,00000,New Brockton town,Alabama,1146,1144,1147,1145,1161
162,01,000,54168,00000,00000,New Hope city,Alabama,2810,2810,2812,2805,2802
162,01,000,54432,00000,00000,New Site town,Alabama,773,773,771,771,764
162,01,000,54480,00000,00000,Newton town,Alabama,1511,1511,1512,1503,1510
162,01,000,54600,00000,00000,Newville town,Alabama,539,539,538,538,529
162,01,000,55044,00000,00000,North Courtland town,Alabama,632,632,631,628,624
162,01,000,55152,00000,00000,North Johns town,Alabama,145,145,145,145,145
162,01,000,55200,00000,00000,Northport city,Alabama,23330,23352,23442,23741,24088
162,01,000,55440,00000,00000,Notasulga town,Alabama,965,965,969,952,921
162,01,000,55752,00000,00000,Oak Grove town,Alabama,528,529,527,525,524
162,01,000,55848,00000,00000,Oak Hill town,Alabama,26,26,26,26,25
162,01,000,55992,00000,00000,Oakman town,Alabama,789,786,786,781,774
162,01,000,56400,00000,00000,Odenville town,Alabama,3585,3583,3591,3606,3629
162,01,000,56472,00000,00000,Ohatchee town,Alabama,1170,1159,1159,1161,1164
162,01,000,57000,00000,00000,Oneonta city,Alabama,6567,6563,6569,6636,6638
162,01,000,57024,00000,00000,Onycha town,Alabama,184,184,184,186,185
162,01,000,57048,00000,00000,Opelika city,Alabama,26477,26401,26450,27322,27825
162,01,000,57120,00000,00000,Opp city,Alabama,6659,6658,6658,6710,6688
162,01,000,57144,00000,00000,Orange Beach city,Alabama,5441,5441,5460,5539,5620
162,01,000,57240,00000,00000,Orrville town,Alabama,204,203,203,200,198
162,01,000,57504,00000,00000,Owens Cross Roads town,Alabama,1521,1522,1552,1677,1709
162,01,000,57576,00000,00000,Oxford city,Alabama,21348,21324,21317,21311,21275
162,01,000,57648,00000,00000,Ozark city,Alabama,14907,14899,14913,14820,14901
162,01,000,57696,00000,00000,Paint Rock town,Alabama,210,210,210,210,209
162,01,000,58272,00000,00000,Parrish town,Alabama,982,990,990,984,978
162,01,000,58848,00000,00000,Pelham city,Alabama,21352,21367,21463,21698,22012
162,01,000,58896,00000,00000,Pell City city,Alabama,12695,12678,12737,12865,13129
162,01,000,58968,00000,00000,Pennington town,Alabama,221,221,221,218,218
162,01,000,59088,00000,00000,Perdido Beach town,Alabama,581,581,583,593,603
162,01,000,59328,00000,00000,Petrey town,Alabama,58,58,58,58,59
162,01,000,59472,00000,00000,Phenix City city,Alabama,32822,32869,33147,34576,36185
162,01,000,59496,00000,00000,Phil Campbell town,Alabama,1148,1148,1149,1150,1197
162,01,000,59592,00000,00000,Pickensville town,Alabama,608,608,606,595,597
162,01,000,59640,00000,00000,Piedmont city,Alabama,4878,4878,4867,4831,4799
162,01,000,59760,00000,00000,Pike Road town,Alabama,5406,5399,5431,5564,6555
162,01,000,59832,00000,00000,Pinckard town,Alabama,647,647,648,644,652
162,01,000,59880,00000,00000,Pine Apple town,Alabama,132,132,131,130,130
162,01,000,60240,00000,00000,Pine Hill town,Alabama,975,973,965,959,950
162,01,000,60372,00000,00000,Pine Ridge town,Alabama,282,282,282,284,282
162,01,000,60648,00000,00000,Pinson city,Alabama,7163,7163,7167,7172,7180
162,01,000,60720,00000,00000,Pisgah town,Alabama,722,722,721,723,719
162,01,000,61008,00000,00000,Pleasant Grove city,Alabama,10110,10110,10103,10085,10371
162,01,000,61038,00000,00000,Pleasant Groves town,Alabama,420,420,419,420,418
162,01,000,61536,00000,00000,Pollard town,Alabama,137,137,137,137,136
162,01,000,62075,00000,00000,Powell town,Alabama,955,955,955,960,955
162,01,000,62328,00000,00000,Prattville city,Alabama,33960,33983,34048,34699,34873
162,01,000,62472,00000,00000,Priceville town,Alabama,2658,2658,2677,2756,2826
162,01,000,62496,00000,00000,Prichard city,Alabama,22659,22671,22614,22503,22416
162,01,000,62688,00000,00000,Providence town,Alabama,223,224,223,220,217
162,01,000,63216,00000,00000,Ragland town,Alabama,1639,1636,1639,1646,1656
162,01,000,63288,00000,00000,Rainbow City city,Alabama,9602,9602,9614,9632,9666
162,01,000,63336,00000,00000,Rainsville city,Alabama,4948,4943,4945,4988,4978
162,01,000,63408,00000,00000,Ranburne town,Alabama,409,409,409,408,406
162,01,000,63576,00000,00000,Red Bay city,Alabama,3158,3158,3159,3165,3153
162,01,000,63768,00000,00000,Red Level town,Alabama,487,487,487,492,490
162,01,000,63984,00000,00000,Reece City town,Alabama,653,653,653,650,648
162,01,000,64104,00000,00000,Reform town,Alabama,1702,1705,1701,1674,1675
162,01,000,64152,00000,00000,Rehobeth town,Alabama,1297,1294,1298,1322,1366
162,01,000,64368,00000,00000,Repton town,Alabama,282,282,281,280,277
162,01,000,64656,00000,00000,Ridgeville town,Alabama,112,112,112,112,112
162,01,000,64776,00000,00000,River Falls town,Alabama,526,526,526,531,529
162,01,000,64920,00000,00000,Riverside town,Alabama,2208,2208,2215,2236,2255
162,01,000,65016,00000,00000,Riverview town,Alabama,184,184,184,183,183
162,01,000,65040,00000,00000,Roanoke city,Alabama,6074,6074,6068,6058,6015
162,01,000,65208,00000,00000,Robertsdale city,Alabama,5276,5276,5310,5444,5547
162,01,000,65472,00000,00000,Rockford town,Alabama,477,477,477,462,458
162,01,000,66216,00000,00000,Rogersville town,Alabama,1257,1257,1257,1254,1250
162,01,000,66408,00000,00000,Rosa town,Alabama,316,316,316,318,319
162,01,000,67056,00000,00000,Russellville city,Alabama,9830,9835,9839,9864,9843
162,01,000,67176,00000,00000,Rutledge town,Alabama,467,465,464,466,468
162,01,000,67536,00000,00000,St. Florian town,Alabama,413,413,413,416,417
162,01,000,67800,00000,00000,Samson city,Alabama,1940,1940,1940,1936,1940
162,01,000,67920,00000,00000,Sand Rock town,Alabama,560,560,560,563,560
162,01,000,68016,00000,00000,Sanford town,Alabama,241,246,246,248,248
162,01,000,68160,00000,00000,Saraland city,Alabama,13405,13472,13446,13443,13490
162,01,000,68280,00000,00000,Sardis City town,Alabama,1704,1704,1709,1723,1743
162,01,000,68352,00000,00000,Satsuma city,Alabama,6168,6168,6157,6146,6133
162,01,000,68736,00000,00000,Scottsboro city,Alabama,14770,14778,14770,14805,14786
162,01,000,69000,00000,00000,Section town,Alabama,770,770,769,771,767
162,01,000,69120,00000,00000,Selma city,Alabama,20756,20756,20731,20470,20251
162,01,000,69240,00000,00000,Semmes city,Alabama,X,3064,3054,3033,3019
162,01,000,69648,00000,00000,Sheffield city,Alabama,9039,9039,9037,8988,9018
162,01,000,69840,00000,00000,Shiloh town,Alabama,274,274,274,276,274
162,01,000,70128,00000,00000,Shorter town,Alabama,474,474,476,474,464
162,01,000,70416,00000,00000,Silas town,Alabama,452,452,451,445,446
162,01,000,70536,00000,00000,Silverhill town,Alabama,706,706,708,719,729
162,01,000,70704,00000,00000,Sipsey town,Alabama,437,435,435,433,431
162,01,000,70896,00000,00000,Skyline town,Alabama,851,851,850,852,848
162,01,000,71040,00000,00000,Slocomb city,Alabama,1980,1980,1982,1984,1990
162,01,000,71190,00000,00000,Smiths Station city,Alabama,4926,4935,4941,5008,5098
162,01,000,71280,00000,00000,Snead town,Alabama,835,835,836,842,843
162,01,000,71496,00000,00000,Somerville town,Alabama,724,724,724,726,727
162,01,000,71832,00000,00000,Southside city,Alabama,8412,8412,8424,8453,8491
162,01,000,71900,00000,00000,South Vinemont town,Alabama,749,749,750,748,745
162,01,000,71976,00000,00000,Spanish Fort city,Alabama,6798,6902,6943,7108,7330
162,01,000,72600,00000,00000,Springville city,Alabama,4080,4080,4091,4119,4154
162,01,000,72888,00000,00000,Steele town,Alabama,1043,1043,1045,1049,1056
162,01,000,73080,00000,00000,Stevenson city,Alabama,2046,2046,2041,2040,2027
162,01,000,73728,00000,00000,Sulligent city,Alabama,1927,1927,1919,1895,1889
162,01,000,73848,00000,00000,Sumiton city,Alabama,2520,2515,2513,2496,2474
162,01,000,73872,00000,00000,Summerdale town,Alabama,862,891,896,913,927
162,01,000,74160,00000,00000,Susan Moore town,Alabama,763,763,763,769,770
162,01,000,74304,00000,00000,Sweet Water town,Alabama,258,258,257,254,250
162,01,000,74352,00000,00000,Sylacauga city,Alabama,12749,12802,12757,12689,12761
162,01,000,74400,00000,00000,Sylvania town,Alabama,1837,1859,1859,1867,1858
162,01,000,74424,00000,00000,Sylvan Springs town,Alabama,1542,1542,1541,1540,1542
162,01,000,74592,00000,00000,Talladega city,Alabama,15676,15666,15613,15638,15591
162,01,000,74616,00000,00000,Talladega Springs town,Alabama,166,166,165,165,165
162,01,000,74688,00000,00000,Tallassee city,Alabama,4819,4819,4825,4837,4829
162,01,000,74976,00000,00000,Tarrant city,Alabama,6397,6397,6390,6365,6340
162,01,000,75096,00000,00000,Taylor town,Alabama,2375,2372,2378,2391,2413
162,01,000,75936,00000,00000,Thomaston town,Alabama,417,417,415,410,404
162,01,000,75960,00000,00000,Thomasville city,Alabama,4209,4208,4193,4170,4099
162,01,000,76080,00000,00000,Thorsby town,Alabama,1980,1980,1983,1994,2002
162,01,000,76584,00000,00000,Town Creek town,Alabama,1100,1100,1099,1093,1085
162,01,000,76632,00000,00000,Toxey town,Alabama,137,137,137,135,135
162,01,000,76680,00000,00000,Trafford town,Alabama,646,646,646,649,648
162,01,000,76824,00000,00000,Triana town,Alabama,496,496,496,496,498
162,01,000,76872,00000,00000,Trinity town,Alabama,2095,2095,2099,2118,2136
162,01,000,76920,00000,00000,Troy city,Alabama,18033,18020,18070,18048,18264
162,01,000,76944,00000,00000,Trussville city,Alabama,19933,19975,20009,20125,20178
162,01,000,77256,00000,00000,Tuscaloosa city,Alabama,90468,90898,91091,92162,93357
162,01,000,77280,00000,00000,Tuscumbia city,Alabama,8423,8423,8437,8421,8408
162,01,000,77304,00000,00000,Tuskegee city,Alabama,9865,9865,9898,9765,9477
162,01,000,77352,00000,00000,Twin town,Alabama,399,399,399,399,396
162,01,000,77616,00000,00000,Union town,Alabama,237,237,236,234,233
162,01,000,77784,00000,00000,Union Grove town,Alabama,77,77,77,78,78
162,01,000,77880,00000,00000,Union Springs city,Alabama,3980,3978,3962,3846,3791
162,01,000,77904,00000,00000,Uniontown town,Alabama,1775,1779,1769,1762,1701
162,01,000,78204,00000,00000,Valley city,Alabama,9524,9524,9499,9470,9476
162,01,000,78232,00000,00000,Valley Grande city,Alabama,4020,4020,4022,3983,3966
162,01,000,78240,00000,00000,Valley Head town,Alabama,558,557,557,560,555
162,01,000,78264,00000,00000,Vance town,Alabama,1529,1526,1534,1541,1541
162,01,000,78480,00000,00000,Vernon city,Alabama,2000,2000,1992,1963,1953
162,01,000,78552,00000,00000,Vestavia Hills city,Alabama,34033,34059,34050,34049,34090
162,01,000,78984,00000,00000,Vina town,Alabama,358,358,358,359,358
162,01,000,79008,00000,00000,Vincent town,Alabama,1988,2011,2016,2025,2038
162,01,000,79272,00000,00000,Vredenburgh town,Alabama,312,312,311,309,306
162,01,000,79344,00000,00000,Wadley town,Alabama,751,751,750,748,742
162,01,000,79488,00000,00000,Waldo town,Alabama,283,283,282,281,280
162,01,000,79728,00000,00000,Walnut Grove town,Alabama,698,698,698,697,697
162,01,000,79944,00000,00000,Warrior city,Alabama,3176,3176,3175,3191,3216
162,01,000,80064,00000,00000,Waterloo town,Alabama,203,203,203,203,202
162,01,000,80256,00000,00000,Waverly town,Alabama,145,145,145,145,146
162,01,000,80352,00000,00000,Weaver city,Alabama,3038,3026,3034,3047,3068
162,01,000,80376,00000,00000,Webb town,Alabama,1430,1428,1430,1431,1440
162,01,000,80496,00000,00000,Wedowee town,Alabama,823,823,822,819,813
162,01,000,80928,00000,00000,West Blocton town,Alabama,1240,1291,1288,1278,1267
162,01,000,81336,00000,00000,West Jefferson town,Alabama,338,338,338,337,337
162,01,000,81504,00000,00000,Westover town,Alabama,1275,1221,1247,1313,1358
162,01,000,81528,00000,00000,West Point town,Alabama,586,586,586,587,586
162,01,000,81720,00000,00000,Wetumpka city,Alabama,6528,6665,6713,6891,7103
162,01,000,81912,00000,00000,White Hall town,Alabama,858,874,871,860,839
162,01,000,82848,00000,00000,Wilsonville town,Alabama,1827,1884,1889,1908,1929
162,01,000,82872,00000,00000,Wilton town,Alabama,687,684,686,690,694
162,01,000,82992,00000,00000,Winfield city,Alabama,4717,4717,4719,4711,4684
162,01,000,83400,00000,00000,Woodland town,Alabama,184,184,184,184,182
162,01,000,83640,00000,00000,Woodstock town,Alabama,1428,1418,1417,1423,1439
162,01,000,83664,00000,00000,Woodville town,Alabama,746,746,745,747,743
162,01,000,83976,00000,00000,Yellow Bluff town,Alabama,188,186,184,184,183
162,01,000,84096,00000,00000,York city,Alabama,2538,2538,2543,2486,2462
050,01,001,00000,00000,00000,Autauga County,Alabama,54571,54571,54634,55392,55514
157,01,001,03220,00000,00000,Autaugaville town,Alabama,870,880,880,885,884
157,01,001,06460,00000,00000,Billingsley town,Alabama,144,144,144,145,145
157,01,001,48712,00000,00000,Millbrook city (pt.),Alabama,144,144,144,145,145
157,01,001,62328,00000,00000,Prattville city (pt.),Alabama,32168,32191,32249,32870,33028
157,01,001,99990,00000,00000,Balance of Autauga County,Alabama,21245,21212,21217,21347,21312
050,01,003,00000,00000,00000,Baldwin County,Alabama,182265,182265,183275,186830,190790
157,01,003,04660,00000,00000,Bay Minette city,Alabama,8044,8044,8075,8182,8316
157,01,003,19648,00000,00000,Daphne city,Alabama,21570,21564,21804,22290,22845
157,01,003,23320,00000,00000,Elberta town,Alabama,1498,1517,1524,1549,1577
157,01,003,25240,00000,00000,Fairhope city,Alabama,15326,15326,15427,15939,16479
157,01,003,26992,00000,00000,Foley city,Alabama,14618,14700,14782,15075,15402
157,01,003,32272,00000,00000,Gulf Shores city,Alabama,9741,9741,9782,9936,10118
157,01,003,44608,00000,00000,Loxley town,Alabama,1632,1630,1638,1659,1680
157,01,003,46072,00000,00000,Magnolia Springs town,Alabama,723,723,725,738,751
157,01,003,57144,00000,00000,Orange Beach city,Alabama,5441,5441,5460,5539,5620
157,01,003,59088,00000,00000,Perdido Beach town,Alabama,581,581,583,593,603
157,01,003,65208,00000,00000,Robertsdale city,Alabama,5276,5276,5310,5444,5547
157,01,003,70536,00000,00000,Silverhill town,Alabama,706,706,708,719,729
157,01,003,71976,00000,00000,Spanish Fort city,Alabama,6798,6902,6943,7108,7330
157,01,003,73872,00000,00000,Summerdale town,Alabama,862,891,896,913,927
157,01,003,99990,00000,00000,Balance of Baldwin County,Alabama,89449,89223,89618,91146,92866
050,01,005,00000,00000,00000,Barbour County,Alabama,27457,27457,27366,27313,27201
157,01,005,03724,00000,00000,Bakerhill town,Alabama,279,279,278,275,273
157,01,005,07672,00000,00000,Blue Springs town,Alabama,96,96,96,95,94
157,01,005,15376,00000,00000,Clayton town,Alabama,3008,3008,3003,2988,2976
157,01,005,15640,00000,00000,Clio city,Alabama,1399,1399,1394,1564,1553
157,01,005,24568,00000,00000,Eufaula city,Alabama,13137,13134,13085,12956,12943
157,01,005,44344,00000,00000,Louisville town,Alabama,519,519,517,510,504
157,01,005,99990,00000,00000,Balance of Barbour County,Alabama,9019,9022,8993,8925,8858
050,01,007,00000,00000,00000,Bibb County,Alabama,22915,22919,22863,22738,22597
157,01,007,09136,00000,00000,Brent city,Alabama,4947,4947,4939,4927,4905
157,01,007,13672,00000,00000,Centreville city,Alabama,2778,2778,2769,2749,2723
157,01,007,78264,00000,00000,Vance town (pt.),Alabama,49,49,49,49,48
157,01,007,80928,00000,00000,West Blocton town,Alabama,1240,1291,1288,1278,1267
157,01,007,83640,00000,00000,Woodstock town (pt.),Alabama,1330,1320,1319,1324,1338
157,01,007,99990,00000,00000,Balance of Bibb County,Alabama,12571,12534,12499,12411,12316
050,01,009,00000,00000,00000,Blount County,Alabama,57322,57322,57359,57748,57826
157,01,009,01396,00000,00000,Allgood town,Alabama,622,622,622,627,628
157,01,009,01660,00000,00000,Altoona town (pt.),Alabama,30,30,30,30,30
157,01,009,07456,00000,00000,Blountsville town,Alabama,1684,1684,1685,1695,1694
157,01,009,15472,00000,00000,Cleveland town,Alabama,1303,1303,1304,1313,1316
157,01,009,17968,00000,00000,County Line town (pt.),Alabama,197,197,197,199,199
157,01,009,29032,00000,00000,Garden City town (pt.),Alabama,0,0,0,0,0
157,01,009,33640,00000,00000,Hayden town,Alabama,444,1331,1332,1339,1341
157,01,009,34480,00000,00000,Highland Lake town,Alabama,412,412,414,417,418
157,01,009,43888,00000,00000,Locust Fork town,Alabama,1186,1186,1187,1195,1198
157,01,009,53448,00000,00000,Nectar town,Alabama,345,342,342,345,345
157,01,009,57000,00000,00000,Oneonta city,Alabama,6567,6563,6569,6636,6638
157,01,009,66408,00000,00000,Rosa town,Alabama,316,316,316,318,319
157,01,009,71280,00000,00000,Snead town,Alabama,835,835,836,842,843
157,01,009,74160,00000,00000,Susan Moore town,Alabama,763,763,763,769,770
157,01,009,76680,00000,00000,Trafford town (pt.),Alabama,0,0,0,0,0
157,01,009,99990,00000,00000,Balance of Blount County,Alabama,42618,41738,41762,42023,42087
050,01,011,00000,00000,00000,Bullock County,Alabama,10914,10915,10880,10599,10474
157,01,011,48424,00000,00000,Midway town,Alabama,499,499,497,483,477
157,01,011,77880,00000,00000,Union Springs city,Alabama,3980,3978,3962,3846,3791
157,01,011,99990,00000,00000,Balance of Bullock County,Alabama,6435,6438,6421,6270,6206
050,01,013,00000,00000,00000,Butler County,Alabama,20947,20946,20929,20598,20307
157,01,013,29560,00000,00000,Georgiana town,Alabama,1738,1738,1735,1709,1683
157,01,013,31912,00000,00000,Greenville city,Alabama,8135,8135,8129,8000,7896
157,01,013,45496,00000,00000,McKenzie town (pt.),Alabama,522,522,522,514,507
157,01,013,99990,00000,00000,Balance of Butler County,Alabama,10552,10551,10543,10375,10221
050,01,015,00000,00000,00000,Calhoun County,Alabama,118572,118572,118423,117815,117296
157,01,015,01852,00000,00000,Anniston city,Alabama,23106,23106,23055,22896,22749
157,01,015,29992,00000,00000,Glencoe city (pt.),Alabama,38,38,38,38,38
157,01,015,35152,00000,00000,Hobson City town,Alabama,771,771,770,764,762
157,01,015,38272,00000,00000,Jacksonville city,Alabama,12548,12556,12565,12473,12430
157,01,015,56472,00000,00000,Ohatchee town,Alabama,1170,1159,1159,1161,1164
157,01,015,57576,00000,00000,Oxford city (pt.),Alabama,17197,17192,17192,17181,17139
157,01,015,59640,00000,00000,Piedmont city (pt.),Alabama,4878,4878,4867,4831,4799
157,01,015,71832,00000,00000,Southside city (pt.),Alabama,155,155,155,155,154
157,01,015,80352,00000,00000,Weaver city,Alabama,3038,3026,3034,3047,3068
157,01,015,99990,00000,00000,Balance of Calhoun County,Alabama,55671,55691,55588,55269,54993
050,01,017,00000,00000,00000,Chambers County,Alabama,34215,34215,34125,34005,34064
157,01,017,19216,00000,00000,Cusseta town,Alabama,123,123,123,122,123
157,01,017,26200,00000,00000,Five Points town,Alabama,141,141,140,140,141
157,01,017,40672,00000,00000,La Fayette city,Alabama,3003,3003,2994,2982,2985
157,01,017,41296,00000,00000,Lanett city,Alabama,6468,6468,6452,6424,6431
157,01,017,78204,00000,00000,Valley city,Alabama,9524,9524,9499,9470,9476
157,01,017,80256,00000,00000,Waverly town (pt.),Alabama,98,98,98,98,98
157,01,017,99990,00000,00000,Balance of Chambers County,Alabama,14858,14858,14819,14769,14810
050,01,019,00000,00000,00000,Cherokee County,Alabama,25989,25986,25981,26094,26021
157,01,019,12760,00000,00000,Cedar Bluff town,Alabama,1820,1822,1822,1827,1816
157,01,019,13648,00000,00000,Centre city,Alabama,3489,3489,3490,3512,3574
157,01,019,16600,00000,00000,Collinsville town (pt.),Alabama,21,21,21,21,21
157,01,019,29296,00000,00000,Gaylesville town,Alabama,144,144,144,145,144
157,01,019,42016,00000,00000,Leesburg town,Alabama,1027,1024,1024,1028,1021
157,01,019,59640,00000,00000,Piedmont city (pt.),Alabama,0,0,0,0,0
157,01,019,67920,00000,00000,Sand Rock town (pt.),Alabama,537,534,534,537,534
157,01,019,99990,00000,00000,Balance of Cherokee County,Alabama,18951,18952,18946,19024,18911
050,01,021,00000,00000,00000,Chilton County,Alabama,43643,43642,43700,43814,43819
157,01,021,11416,00000,00000,Calera city (pt.),Alabama,96,96,96,99,101
157,01,021,15136,00000,00000,Clanton city,Alabama,8619,8619,8631,8666,8669
157,01,021,38608,00000,00000,Jemison city,Alabama,2585,2585,2589,2597,2598
157,01,021,46504,00000,00000,Maplesville town,Alabama,708,708,709,709,707
157,01,021,76080,00000,00000,Thorsby town,Alabama,1980,1980,1983,1994,2002
157,01,021,99990,00000,00000,Balance of Chilton County,Alabama,29655,29654,29692,29749,29742
050,01,023,00000,00000,00000,Choctaw County,Alabama,13859,13858,13836,13629,13633
157,01,023,11032,00000,00000,Butler town,Alabama,1894,1890,1887,1861,1859
157,01,023,29704,00000,00000,Gilbertown town,Alabama,215,215,215,212,212
157,01,023,43384,00000,00000,Lisman town,Alabama,539,539,538,529,527
157,01,023,53472,00000,00000,Needham town,Alabama,94,95,95,93,94
157,01,023,58968,00000,00000,Pennington town,Alabama,221,221,221,218,218
157,01,023,70416,00000,00000,Silas town,Alabama,452,452,451,445,446
157,01,023,76632,00000,00000,Toxey town,Alabama,137,137,137,135,135
157,01,023,99990,00000,00000,Balance of Choctaw County,Alabama,10307,10309,10292,10136,10142
050,01,025,00000,00000,00000,Clarke County,Alabama,25833,25840,25757,25600,25161
157,01,025,16264,00000,00000,Coffeeville town,Alabama,352,352,351,349,344
157,01,025,28504,00000,00000,Fulton town,Alabama,272,272,271,270,265
157,01,025,32080,00000,00000,Grove Hill town,Alabama,1570,1569,1563,1552,1525
157,01,025,38152,00000,00000,Jackson city,Alabama,5228,5224,5209,5174,5080
157,01,025,75960,00000,00000,Thomasville city,Alabama,4209,4208,4193,4170,4099
157,01,025,99990,00000,00000,Balance of Clarke County,Alabama,14202,14215,14170,14085,13848
050,01,027,00000,00000,00000,Clay County,Alabama,13932,13932,13882,13656,13435
157,01,027,02860,00000,00000,Ashland town,Alabama,2037,2037,2031,1984,1952
157,01,027,43264,00000,00000,Lineville city,Alabama,2395,2395,2385,2348,2308
157,01,027,99990,00000,00000,Balance of Clay County,Alabama,9500,9500,9466,9324,9175
050,01,029,00000,00000,00000,Cleburne County,Alabama,14972,14972,14962,14937,14832
157,01,029,23176,00000,00000,Edwardsville town,Alabama,202,202,202,202,200
157,01,029,28432,00000,00000,Fruithurst town,Alabama,284,284,284,283,282
157,01,029,33976,00000,00000,Heflin city,Alabama,3480,3480,3480,3484,3457
157,01,029,63408,00000,00000,Ranburne town,Alabama,409,409,409,408,406
157,01,029,99990,00000,00000,Balance of Cleburne County,Alabama,10597,10597,10587,10560,10487
050,01,031,00000,00000,00000,Coffee County,Alabama,49948,49948,50135,50485,51252
157,01,031,23296,00000,00000,Elba city,Alabama,3940,3940,3948,3935,3953
157,01,031,24184,00000,00000,Enterprise city (pt.),Alabama,26139,26138,26275,26692,27300
157,01,031,40096,00000,00000,Kinston town,Alabama,540,540,541,540,544
157,01,031,53856,00000,00000,New Brockton town,Alabama,1146,1144,1147,1145,1161
157,01,031,99990,00000,00000,Balance of Coffee County,Alabama,18183,18186,18224,18173,18294
050,01,033,00000,00000,00000,Colbert County,Alabama,54428,54428,54489,54419,54446
157,01,033,14152,00000,00000,Cherokee town,Alabama,1048,1048,1049,1043,1038
157,01,033,42160,00000,00000,Leighton town,Alabama,729,729,729,727,725
157,01,033,43648,00000,00000,Littleville town,Alabama,1011,1011,1011,1006,1005
157,01,033,53016,00000,00000,Muscle Shoals city,Alabama,13146,13156,13194,13284,13371
157,01,033,69648,00000,00000,Sheffield city,Alabama,9039,9039,9037,8988,9018
157,01,033,77280,00000,00000,Tuscumbia city,Alabama,8423,8423,8437,8421,8408
157,01,033,99990,00000,00000,Balance of Colbert County,Alabama,21032,21022,21032,20950,20881
050,01,035,00000,00000,00000,Conecuh County,Alabama,13228,13228,13195,13100,12981
157,01,035,12496,00000,00000,Castleberry town,Alabama,583,592,591,587,582
157,01,035,24808,00000,00000,Evergreen city,Alabama,3944,3947,3937,3906,3866
157,01,035,45496,00000,00000,McKenzie town (pt.),Alabama,8,8,8,8,8
157,01,035,64368,00000,00000,Repton town,Alabama,282,282,281,280,277
157,01,035,99990,00000,00000,Balance of Conecuh County,Alabama,8411,8399,8378,8319,8248
050,01,037,00000,00000,00000,Coosa County,Alabama,11539,11544,11549,11109,10966
157,01,037,30640,00000,00000,Goodwater town,Alabama,1475,1475,1474,1417,1396
157,01,037,39472,00000,00000,Kellyton town,Alabama,217,217,217,209,206
157,01,037,65472,00000,00000,Rockford town,Alabama,477,477,477,462,458
157,01,037,99990,00000,00000,Balance of Coosa County,Alabama,9370,9375,9381,9021,8906
050,01,039,00000,00000,00000,Covington County,Alabama,37765,37765,37774,38094,37955
157,01,039,01708,00000,00000,Andalusia city,Alabama,9015,9015,9020,9099,9064
157,01,039,03556,00000,00000,Babbie town,Alabama,603,603,603,609,607
157,01,039,12160,00000,00000,Carolina town,Alabama,297,297,297,300,299
157,01,039,26848,00000,00000,Florala town,Alabama,1980,1980,1981,1994,1986
157,01,039,28936,00000,00000,Gantt town,Alabama,222,222,222,224,223
157,01,039,33904,00000,00000,Heath town,Alabama,254,256,256,259,258
157,01,039,36088,00000,00000,Horn Hill town,Alabama,228,228,228,230,230
157,01,039,42808,00000,00000,Libertyville town,Alabama,117,115,115,116,116
157,01,039,43816,00000,00000,Lockhart town,Alabama,516,516,516,521,519
157,01,039,57024,00000,00000,Onycha town,Alabama,184,184,184,186,185
157,01,039,57120,00000,00000,Opp city,Alabama,6659,6658,6658,6710,6688
157,01,039,63768,00000,00000,Red Level town,Alabama,487,487,487,492,490
157,01,039,64776,00000,00000,River Falls town,Alabama,526,526,526,531,529
157,01,039,68016,00000,00000,Sanford town,Alabama,241,246,246,248,248
157,01,039,99990,00000,00000,Balance of Covington County,Alabama,16436,16432,16435,16575,16513
050,01,041,00000,00000,00000,Crenshaw County,Alabama,13906,13906,13867,13959,14083
157,01,041,09016,00000,00000,Brantley town,Alabama,809,809,807,812,817
157,01,041,21448,00000,00000,Dozier town,Alabama,329,329,328,331,334
157,01,041,30160,00000,00000,Glenwood town,Alabama,187,187,186,188,189
157,01,041,44728,00000,00000,Luverne city,Alabama,2800,2800,2793,2810,2845
157,01,041,59328,00000,00000,Petrey town,Alabama,58,58,58,58,59
157,01,041,67176,00000,00000,Rutledge town,Alabama,467,465,464,466,468
157,01,041,99990,00000,00000,Balance of Crenshaw County,Alabama,9256,9258,9231,9294,9371
050,01,043,00000,00000,00000,Cullman County,Alabama,80406,80406,80471,80479,80440
157,01,043,02116,00000,00000,Arab city (pt.),Alabama,27,27,27,27,27
157,01,043,03676,00000,00000,Baileyton town,Alabama,610,610,611,611,610
157,01,043,16684,00000,00000,Colony town,Alabama,268,268,268,268,268
157,01,043,18976,00000,00000,Cullman city,Alabama,14775,14798,14812,14806,14864
157,01,043,20955,00000,00000,Dodge City town,Alabama,593,593,593,594,593
157,01,043,25384,00000,00000,Fairview town,Alabama,446,448,448,448,448
157,01,043,29032,00000,00000,Garden City town (pt.),Alabama,492,492,492,493,490
157,01,043,30496,00000,00000,Good Hope town,Alabama,2264,2264,2266,2267,2258
157,01,043,32968,00000,00000,Hanceville city,Alabama,2982,3108,3116,3140,3159
157,01,043,35560,00000,00000,Holly Pond town,Alabama,798,798,799,799,798
157,01,043,71900,00000,00000,South Vinemont town,Alabama,749,749,750,748,745
157,01,043,81528,00000,00000,West Point town,Alabama,586,586,586,587,586
157,01,043,99990,00000,00000,Balance of Cullman County,Alabama,55816,55665,55703,55691,55594
050,01,045,00000,00000,00000,Dale County,Alabama,50251,50251,50333,50141,50444
157,01,045,02428,00000,00000,Ariton town,Alabama,764,762,763,756,761
157,01,045,15304,00000,00000,Clayhatchee town,Alabama,589,589,589,584,588
157,01,045,19360,00000,00000,Daleville city,Alabama,5295,5295,5301,5247,5270
157,01,045,21184,00000,00000,Dothan city (pt.),Alabama,887,1217,1218,1210,1222
157,01,045,24184,00000,00000,Enterprise city (pt.),Alabama,423,477,477,478,489
157,01,045,32056,00000,00000,Grimes town,Alabama,558,558,558,554,557
157,01,045,42472,00000,00000,Level Plains town,Alabama,2085,2079,2083,2070,2090
157,01,045,48400,00000,00000,Midland City town,Alabama,2344,2161,2200,2384,2403
157,01,045,53256,00000,00000,Napier Field town,Alabama,354,354,354,351,353
157,01,045,54480,00000,00000,Newton town,Alabama,1511,1511,1512,1503,1510
157,01,045,57648,00000,00000,Ozark city,Alabama,14907,14899,14913,14820,14901
157,01,045,59832,00000,00000,Pinckard town,Alabama,647,647,648,644,652
157,01,045,99990,00000,00000,Balance of Dale County,Alabama,19887,19702,19717,19540,19648
050,01,047,00000,00000,00000,Dallas County,Alabama,43820,43820,43782,43189,42864
157,01,047,57240,00000,00000,Orrville town,Alabama,204,203,203,200,198
157,01,047,69120,00000,00000,Selma city,Alabama,20756,20756,20731,20470,20251
157,01,047,78232,00000,00000,Valley Grande city,Alabama,4020,4020,4022,3983,3966
157,01,047,99990,00000,00000,Balance of Dallas County,Alabama,18840,18841,18826,18536,18449
050,01,049,00000,00000,00000,DeKalb County,Alabama,71109,71112,71108,71463,71080
157,01,049,16600,00000,00000,Collinsville town (pt.),Alabama,1962,1962,1962,1970,1958
157,01,049,18856,00000,00000,Crossville town,Alabama,1862,1862,1862,1867,1853
157,01,049,27616,00000,00000,Fort Payne city,Alabama,14012,14110,14108,14184,14104
157,01,049,28672,00000,00000,Fyffe town,Alabama,1018,1018,1018,1026,1023
157,01,049,29608,00000,00000,Geraldine town,Alabama,896,899,899,904,900
157,01,049,32896,00000,00000,Hammondville town,Alabama,488,488,488,488,486
157,01,049,34096,00000,00000,Henagar city,Alabama,2344,2344,2344,2355,2343
157,01,049,37312,00000,00000,Ider town,Alabama,723,723,723,725,719
157,01,049,40888,00000,00000,Lakeview town,Alabama,143,143,143,144,143
157,01,049,48064,00000,00000,Mentone town,Alabama,360,361,361,364,363
157,01,049,60372,00000,00000,Pine Ridge town,Alabama,282,282,282,284,282
157,01,049,62075,00000,00000,Powell town,Alabama,955,955,955,960,955
157,01,049,63336,00000,00000,Rainsville city,Alabama,4948,4943,4945,4988,4978
157,01,049,67920,00000,00000,Sand Rock town (pt.),Alabama,23,26,26,26,26
157,01,049,69840,00000,00000,Shiloh town,Alabama,274,274,274,276,274
157,01,049,74400,00000,00000,Sylvania town,Alabama,1837,1859,1859,1867,1858
157,01,049,78240,00000,00000,Valley Head town,Alabama,558,557,557,560,555
157,01,049,99990,00000,00000,Balance of DeKalb County,Alabama,38424,38306,38302,38475,38260
050,01,051,00000,00000,00000,Elmore County,Alabama,79303,79296,79544,80149,80629
157,01,051,17176,00000,00000,Coosada town,Alabama,1224,1224,1230,1231,1232
157,01,051,20008,00000,00000,Deatsville town,Alabama,1154,1154,1157,1163,1166
157,01,051,22816,00000,00000,Eclectic town,Alabama,1001,1001,1004,1009,1012
157,01,051,23656,00000,00000,Elmore town,Alabama,1262,1272,1275,1282,1285
157,01,051,48712,00000,00000,Millbrook city (pt.),Alabama,14496,14493,14541,14695,14807
157,01,051,62328,00000,00000,Prattville city (pt.),Alabama,1792,1792,1799,1829,1845
157,01,051,74688,00000,00000,Tallassee city (pt.),Alabama,3110,3110,3120,3133,3139
157,01,051,81720,00000,00000,Wetumpka city,Alabama,6528,6665,6713,6891,7103
157,01,051,99990,00000,00000,Balance of Elmore County,Alabama,48736,48585,48705,48916,49040
050,01,053,00000,00000,00000,Escambia County,Alabama,38319,38319,38287,38153,37994
157,01,053,03004,00000,00000,Atmore city,Alabama,10194,10194,10187,10153,10121
157,01,053,09208,00000,00000,Brewton city,Alabama,5408,5401,5395,5368,5347
157,01,053,22216,00000,00000,East Brewton city,Alabama,2478,2478,2476,2461,2447
157,01,053,26824,00000,00000,Flomaton town,Alabama,1440,1440,1439,1437,1427
157,01,053,61536,00000,00000,Pollard town,Alabama,137,137,137,137,136
157,01,053,65016,00000,00000,Riverview town,Alabama,184,184,184,183,183
157,01,053,99990,00000,00000,Balance of Escambia County,Alabama,18478,18485,18469,18414,18333
050,01,055,00000,00000,00000,Etowah County,Alabama,104430,104430,104452,104298,104392
157,01,055,01660,00000,00000,Altoona town (pt.),Alabama,903,903,903,901,902
157,01,055,03028,00000,00000,Attalla city,Alabama,6048,6048,6044,6019,6010
157,01,055,07912,00000,00000,Boaz city (pt.),Alabama,1109,1109,1109,1109,1112
157,01,055,28696,00000,00000,Gadsden city,Alabama,36856,36878,36867,36736,36674
157,01,055,29992,00000,00000,Glencoe city (pt.),Alabama,5122,5122,5129,5143,5170
157,01,055,35392,00000,00000,Hokes Bluff city,Alabama,4286,4286,4290,4302,4343
157,01,055,63288,00000,00000,Rainbow City city,Alabama,9602,9602,9614,9632,9666
157,01,055,63984,00000,00000,Reece City town,Alabama,653,653,653,650,648
157,01,055,64656,00000,00000,Ridgeville town,Alabama,112,112,112,112,112
157,01,055,68280,00000,00000,Sardis City town (pt.),Alabama,1698,1698,1703,1717,1737
157,01,055,71832,00000,00000,Southside city (pt.),Alabama,8257,8257,8269,8298,8337
157,01,055,79728,00000,00000,Walnut Grove town,Alabama,698,698,698,697,697
157,01,055,99990,00000,00000,Balance of Etowah County,Alabama,29086,29064,29061,28982,28984
050,01,057,00000,00000,00000,Fayette County,Alabama,17241,17241,17219,17042,16983
157,01,057,05164,00000,00000,Belk town,Alabama,215,215,215,213,212
157,01,057,05932,00000,00000,Berry town,Alabama,1148,1148,1147,1134,1130
157,01,057,25840,00000,00000,Fayette city,Alabama,4619,4619,4612,4566,4550
157,01,057,29944,00000,00000,Glen Allen town (pt.),Alabama,458,458,457,453,452
157,01,057,32536,00000,00000,Gu-Win town (pt.),Alabama,0,0,0,0,0
157,01,057,82992,00000,00000,Winfield city (pt.),Alabama,770,770,769,762,760
157,01,057,99990,00000,00000,Balance of Fayette County,Alabama,10031,10031,10019,9914,9879
050,01,059,00000,00000,00000,Franklin County,Alabama,31704,31709,31723,31786,31761
157,01,059,35200,00000,00000,Hodges town,Alabama,288,286,286,287,286
157,01,059,59496,00000,00000,Phil Campbell town,Alabama,1148,1148,1149,1150,1197
157,01,059,63576,00000,00000,Red Bay city,Alabama,3158,3158,3159,3165,3153
157,01,059,67056,00000,00000,Russellville city,Alabama,9830,9835,9839,9864,9843
157,01,059,78984,00000,00000,Vina town,Alabama,358,358,358,359,358
157,01,059,99990,00000,00000,Balance of Franklin County,Alabama,16922,16924,16932,16961,16924
050,01,061,00000,00000,00000,Geneva County,Alabama,26790,26790,26813,26803,26931
157,01,061,07120,00000,00000,Black town,Alabama,207,207,207,207,208
157,01,061,16240,00000,00000,Coffee Springs town,Alabama,228,228,228,228,229
157,01,061,29464,00000,00000,Geneva city,Alabama,4452,4457,4461,4464,4491
157,01,061,33424,00000,00000,Hartford city,Alabama,2624,2624,2629,2633,2647
157,01,061,46264,00000,00000,Malvern town,Alabama,1448,1448,1449,1447,1455
157,01,061,67800,00000,00000,Samson city,Alabama,1940,1940,1940,1936,1940
157,01,061,71040,00000,00000,Slocomb city,Alabama,1980,1980,1982,1984,1990
157,01,061,75096,00000,00000,Taylor town (pt.),Alabama,7,7,7,7,7
157,01,061,99990,00000,00000,Balance of Geneva County,Alabama,13904,13899,13910,13897,13964
050,01,063,00000,00000,00000,Greene County,Alabama,9045,9045,8999,8921,8876
157,01,063,08104,00000,00000,Boligee town,Alabama,328,328,327,324,323
157,01,063,24664,00000,00000,Eutaw town,Alabama,2934,2934,2918,2897,2883
157,01,063,27376,00000,00000,Forkland town,Alabama,649,645,642,635,632
157,01,063,77616,00000,00000,Union town,Alabama,237,237,236,234,233
157,01,063,99990,00000,00000,Balance of Greene County,Alabama,4897,4901,4876,4831,4805
050,01,065,00000,00000,00000,Hale County,Alabama,15760,15760,15706,15371,15388
157,01,065,00676,00000,00000,Akron town,Alabama,356,356,355,345,344
157,01,065,31720,00000,00000,Greensboro city,Alabama,2497,2497,2488,2437,2435
157,01,065,51648,00000,00000,Moundville town (pt.),Alabama,1705,1705,1705,1690,1699
157,01,065,53784,00000,00000,Newbern town,Alabama,186,186,185,181,181
157,01,065,99990,00000,00000,Balance of Hale County,Alabama,11016,11016,10973,10718,10729
050,01,067,00000,00000,00000,Henry County,Alabama,17302,17302,17292,17423,17287
157,01,067,00124,00000,00000,Abbeville city,Alabama,2688,2688,2682,2688,2654
157,01,067,21184,00000,00000,Dothan city (pt.),Alabama,5,7,7,7,7
157,01,067,32656,00000,00000,Haleburg town,Alabama,103,103,103,103,102
157,01,067,33856,00000,00000,Headland city,Alabama,4510,4510,4524,4624,4651
157,01,067,54600,00000,00000,Newville town,Alabama,539,539,538,538,529
157,01,067,99990,00000,00000,Balance of Henry County,Alabama,9457,9455,9438,9463,9344
050,01,069,00000,00000,00000,Houston County,Alabama,101547,101547,101787,102425,103402
157,01,069,02836,00000,00000,Ashford town,Alabama,2148,2141,2144,2152,2169
157,01,069,03364,00000,00000,Avon town,Alabama,543,543,544,543,544
157,01,069,16744,00000,00000,Columbia town,Alabama,740,740,741,741,745
157,01,069,17824,00000,00000,Cottonwood town,Alabama,1289,1289,1291,1290,1294
157,01,069,18088,00000,00000,Cowarts town,Alabama,1871,1894,1897,1899,1929
157,01,069,21184,00000,00000,Dothan city (pt.),Alabama,64604,64702,64888,65449,66153
157,01,069,30760,00000,00000,Gordon town,Alabama,332,330,330,329,331
157,01,069,40072,00000,00000,Kinsey town,Alabama,2198,2198,2203,2204,2222
157,01,069,45904,00000,00000,Madrid town,Alabama,350,350,350,349,349
157,01,069,64152,00000,00000,Rehobeth town,Alabama,1297,1294,1298,1322,1366
157,01,069,75096,00000,00000,Taylor town (pt.),Alabama,2368,2365,2371,2384,2406
157,01,069,80376,00000,00000,Webb town,Alabama,1430,1428,1430,1431,1440
157,01,069,99990,00000,00000,Balance of Houston County,Alabama,22377,22273,22300,22332,22454
050,01,071,00000,00000,00000,Jackson County,Alabama,53227,53226,53158,53230,53019
157,01,071,09328,00000,00000,Bridgeport city,Alabama,2418,2418,2412,2411,2395
157,01,071,21952,00000,00000,Dutton town,Alabama,315,315,315,315,314
157,01,071,35632,00000,00000,Hollywood town,Alabama,1000,1000,999,998,992
157,01,071,37264,00000,00000,Hytop town,Alabama,354,354,353,354,353
157,01,071,41368,00000,00000,Langston town,Alabama,270,270,270,270,269
157,01,071,57696,00000,00000,Paint Rock town,Alabama,210,210,210,210,209
157,01,071,60720,00000,00000,Pisgah town,Alabama,722,722,721,723,719
157,01,071,61038,00000,00000,Pleasant Groves town,Alabama,420,420,419,420,418
157,01,071,68736,00000,00000,Scottsboro city,Alabama,14770,14778,14770,14805,14786
157,01,071,69000,00000,00000,Section town,Alabama,770,770,769,771,767
157,01,071,70896,00000,00000,Skyline town,Alabama,851,851,850,852,848
157,01,071,73080,00000,00000,Stevenson city,Alabama,2046,2046,2041,2040,2027
157,01,071,83664,00000,00000,Woodville town,Alabama,746,746,745,747,743
157,01,071,99990,00000,00000,Balance of Jackson County,Alabama,28335,28326,28284,28314,28179
050,01,073,00000,00000,00000,Jefferson County,Alabama,658466,658466,658391,658967,660009
157,01,073,00460,00000,00000,Adamsville city,Alabama,4522,4522,4518,4504,4490
157,01,073,02320,00000,00000,Argo town (pt.),Alabama,61,61,61,61,61
157,01,073,05980,00000,00000,Bessemer city,Alabama,27456,27463,27437,27388,27289
157,01,073,07000,00000,00000,Birmingham city (pt.),Alabama,210609,210613,210469,210716,210326
157,01,073,09400,00000,00000,Brighton city,Alabama,2945,2945,2944,2932,2919
157,01,073,09736,00000,00000,Brookside town,Alabama,1363,1363,1362,1356,1357
157,01,073,12040,00000,00000,Cardiff town,Alabama,55,55,55,55,55
157,01,073,13264,00000,00000,Center Point city,Alabama,16921,16931,16938,16948,16961
157,01,073,15256,00000,00000,Clay city,Alabama,9708,9705,9701,9737,9727
157,01,073,17968,00000,00000,County Line town (pt.),Alabama,61,61,61,61,61
157,01,073,25120,00000,00000,Fairfield city,Alabama,11117,11117,11106,11070,11029
157,01,073,28552,00000,00000,Fultondale city,Alabama,8380,8380,8383,8448,8570
157,01,073,29056,00000,00000,Gardendale city,Alabama,13893,13897,13905,13883,13849
157,01,073,31384,00000,00000,Graysville city,Alabama,2165,2165,2162,2158,2148
157,01,073,34024,00000,00000,Helena city (pt.),Alabama,2225,2221,2223,2223,2222
157,01,073,35800,00000,00000,Homewood city,Alabama,25167,25167,25153,25092,25262
157,01,073,35896,00000,00000,Hoover city (pt.),Alabama,58582,58577,58642,58997,59869
157,01,073,36448,00000,00000,Hueytown city,Alabama,16105,16103,16096,16048,15991
157,01,073,37864,00000,00000,Irondale city,Alabama,12349,12356,12349,12374,12426
157,01,073,39856,00000,00000,Kimberly town,Alabama,2711,2706,2721,2740,2781
157,01,073,41968,00000,00000,Leeds city (pt.),Alabama,9809,9809,9827,9841,9871
157,01,073,43336,00000,00000,Lipscomb city,Alabama,2210,2210,2207,2200,2194
157,01,073,47728,00000,00000,Maytown town,Alabama,385,385,385,382,382
157,01,073,48376,00000,00000,Midfield city,Alabama,5365,5365,5361,5346,5323
157,01,073,51456,00000,00000,Morris town,Alabama,1859,1859,1858,1873,1887
157,01,073,51696,00000,00000,Mountain Brook city,Alabama,20413,20426,20413,20393,20369
157,01,073,52776,00000,00000,Mulga town,Alabama,836,836,836,833,829
157,01,073,55152,00000,00000,North Johns town,Alabama,145,145,145,145,145
157,01,073,60648,00000,00000,Pinson city,Alabama,7163,7163,7167,7172,7180
157,01,073,61008,00000,00000,Pleasant Grove city,Alabama,10110,10110,10103,10085,10371
157,01,073,73848,00000,00000,Sumiton city (pt.),Alabama,16,16,16,16,16
157,01,073,74424,00000,00000,Sylvan Springs town,Alabama,1542,1542,1541,1540,1542
157,01,073,74976,00000,00000,Tarrant city,Alabama,6397,6397,6390,6365,6340
157,01,073,76680,00000,00000,Trafford town (pt.),Alabama,646,646,646,649,648
157,01,073,76944,00000,00000,Trussville city (pt.),Alabama,19450,19492,19525,19636,19683
157,01,073,78552,00000,00000,Vestavia Hills city (pt.),Alabama,34019,34047,34038,34037,34078
157,01,073,79944,00000,00000,Warrior city,Alabama,3176,3176,3175,3191,3216
157,01,073,81336,00000,00000,West Jefferson town,Alabama,338,338,338,337,337
157,01,073,99990,00000,00000,Balance of Jefferson County,Alabama,108192,108096,108134,108135,108205
050,01,075,00000,00000,00000,Lamar County,Alabama,14564,14564,14505,14313,14259
157,01,075,04948,00000,00000,Beaverton town,Alabama,201,198,197,195,194
157,01,075,20392,00000,00000,Detroit town,Alabama,237,237,236,233,232
157,01,075,39520,00000,00000,Kennedy town,Alabama,447,447,445,439,438
157,01,075,48808,00000,00000,Millport town,Alabama,1049,1049,1045,1032,1028
157,01,075,73728,00000,00000,Sulligent city,Alabama,1927,1927,1919,1895,1889
157,01,075,78480,00000,00000,Vernon city,Alabama,2000,2000,1992,1963,1953
157,01,075,99990,00000,00000,Balance of Lamar County,Alabama,8703,8706,8671,8556,8525
050,01,077,00000,00000,00000,Lauderdale County,Alabama,92709,92709,92709,92663,92542
157,01,077,01756,00000,00000,Anderson town,Alabama,282,282,282,281,281
157,01,077,26896,00000,00000,Florence city,Alabama,39319,39339,39345,39420,39447
157,01,077,39784,00000,00000,Killen town,Alabama,1108,990,992,992,989
157,01,077,42640,00000,00000,Lexington town,Alabama,735,735,735,733,731
157,01,077,66216,00000,00000,Rogersville town,Alabama,1257,1257,1257,1254,1250
157,01,077,67536,00000,00000,St. Florian town,Alabama,413,413,413,416,417
157,01,077,80064,00000,00000,Waterloo town,Alabama,203,203,203,203,202
157,01,077,99990,00000,00000,Balance of Lauderdale County,Alabama,49392,49490,49482,49364,49225
050,01,079,00000,00000,00000,Lawrence County,Alabama,34339,34339,34302,34091,33838
157,01,079,18040,00000,00000,Courtland town,Alabama,609,617,616,613,609
157,01,079,34816,00000,00000,Hillsboro town,Alabama,552,547,546,541,535
157,01,079,51600,00000,00000,Moulton city,Alabama,3471,3469,3466,3443,3414
157,01,079,55044,00000,00000,North Courtland town,Alabama,632,632,631,628,624
157,01,079,76584,00000,00000,Town Creek town,Alabama,1100,1100,1099,1093,1085
157,01,079,99990,00000,00000,Balance of Lawrence County,Alabama,27975,27974,27944,27773,27571
050,01,081,00000,00000,00000,Lee County,Alabama,140247,140251,140761,143580,147257
157,01,081,03076,00000,00000,Auburn city,Alabama,53380,53496,53856,54872,56908
157,01,081,43744,00000,00000,Loachapoka town,Alabama,180,180,180,181,184
157,01,081,55440,00000,00000,Notasulga town (pt.),Alabama,75,75,75,76,77
157,01,081,57048,00000,00000,Opelika city,Alabama,26477,26401,26450,27322,27825
157,01,081,59472,00000,00000,Phenix City city (pt.),Alabama,4153,4158,4193,4401,4542
157,01,081,71190,00000,00000,Smiths Station city,Alabama,4926,4935,4941,5008,5098
157,01,081,80256,00000,00000,Waverly town (pt.),Alabama,47,47,47,47,48
157,01,081,99990,00000,00000,Balance of Lee County,Alabama,51009,50959,51019,51673,52575
050,01,083,00000,00000,00000,Limestone County,Alabama,82782,82782,83213,85539,87654
157,01,083,02260,00000,00000,Ardmore town,Alabama,1194,1194,1203,1248,1278
157,01,083,02956,00000,00000,Athens city,Alabama,21897,21897,22029,22801,23469
157,01,083,20104,00000,00000,Decatur city (pt.),Alabama,84,84,84,87,88
157,01,083,23488,00000,00000,Elkmont town,Alabama,434,426,428,438,448
157,01,083,37000,00000,00000,Huntsville city (pt.),Alabama,1521,1538,1550,1602,1653
157,01,083,42352,00000,00000,Lester town,Alabama,111,111,112,114,117
157,01,083,45784,00000,00000,Madison city (pt.),Alabama,3453,3453,3498,3637,3791
157,01,083,51264,00000,00000,Mooresville town,Alabama,53,53,53,55,56
157,01,083,99990,00000,00000,Balance of Limestone County,Alabama,54035,54026,54256,55557,56754
050,01,085,00000,00000,00000,Lowndes County,Alabama,11299,11299,11252,11111,10857
157,01,085,05692,00000,00000,Benton town,Alabama,49,49,49,48,47
157,01,085,27520,00000,00000,Fort Deposit town,Alabama,1344,1343,1338,1320,1290
157,01,085,30808,00000,00000,Gordonville town,Alabama,326,326,325,322,315
157,01,085,33712,00000,00000,Hayneville town,Alabama,932,933,929,918,897
157,01,085,44536,00000,00000,Lowndesboro town,Alabama,115,115,114,114,111
157,01,085,51520,00000,00000,Mosses town,Alabama,1029,1029,1025,1012,989
157,01,085,81912,00000,00000,White Hall town,Alabama,858,874,871,860,839
157,01,085,99990,00000,00000,Balance of Lowndes County,Alabama,6646,6630,6601,6517,6369
050,01,087,00000,00000,00000,Macon County,Alabama,21452,21450,21533,21213,20535
157,01,087,28024,00000,00000,Franklin town,Alabama,149,149,150,147,142
157,01,087,55440,00000,00000,Notasulga town (pt.),Alabama,890,890,894,876,844
157,01,087,70128,00000,00000,Shorter town,Alabama,474,474,476,474,464
157,01,087,77304,00000,00000,Tuskegee city,Alabama,9865,9865,9898,9765,9477
157,01,087,99990,00000,00000,Balance of Macon County,Alabama,10074,10072,10115,9951,9608
050,01,089,00000,00000,00000,Madison County,Alabama,334811,334811,336168,339673,343080
157,01,089,32440,00000,00000,Gurley town,Alabama,801,801,801,799,796
157,01,089,37000,00000,00000,Huntsville city (pt.),Alabama,178584,178638,179229,180480,182086
157,01,089,45784,00000,00000,Madison city (pt.),Alabama,39485,39485,39817,40407,41181
157,01,089,54168,00000,00000,New Hope city,Alabama,2810,2810,2812,2805,2802
157,01,089,57504,00000,00000,Owens Cross Roads town,Alabama,1521,1522,1552,1677,1709
157,01,089,76824,00000,00000,Triana town,Alabama,496,496,496,496,498
157,01,089,99990,00000,00000,Balance of Madison County,Alabama,111114,111059,111461,113009,114008
050,01,091,00000,00000,00000,Marengo County,Alabama,21027,21029,20943,20699,20401
157,01,091,19912,00000,00000,Dayton town,Alabama,52,52,52,51,51
157,01,091,20296,00000,00000,Demopolis city,Alabama,7483,7483,7451,7401,7292
157,01,091,25816,00000,00000,Faunsdale town,Alabama,98,98,98,96,95
157,01,091,43240,00000,00000,Linden city,Alabama,2123,2123,2114,2084,2055
157,01,091,53112,00000,00000,Myrtlewood town,Alabama,130,130,129,128,126
157,01,091,62688,00000,00000,Providence town,Alabama,223,224,223,220,217
157,01,091,74304,00000,00000,Sweet Water town,Alabama,258,258,257,254,250
157,01,091,75936,00000,00000,Thomaston town,Alabama,417,417,415,410,404
157,01,091,99990,00000,00000,Balance of Marengo County,Alabama,10243,10244,10204,10055,9911
050,01,093,00000,00000,00000,Marion County,Alabama,30776,30777,30788,30527,30327
157,01,093,04852,00000,00000,Bear Creek town,Alabama,1070,1070,1071,1069,1062
157,01,093,09424,00000,00000,Brilliant town,Alabama,900,900,900,899,894
157,01,093,29944,00000,00000,Glen Allen town (pt.),Alabama,52,52,52,52,52
157,01,093,32224,00000,00000,Guin city,Alabama,2376,2376,2377,2369,2355
157,01,093,32536,00000,00000,Gu-Win town (pt.),Alabama,176,176,176,176,175
157,01,093,32560,00000,00000,Hackleburg town,Alabama,1516,1516,1517,1513,1503
157,01,093,32704,00000,00000,Haleyville city (pt.),Alabama,48,48,48,48,48
157,01,093,32848,00000,00000,Hamilton city,Alabama,6885,6885,6887,6670,6629
157,01,093,77352,00000,00000,Twin town,Alabama,399,399,399,399,396
157,01,093,82992,00000,00000,Winfield city (pt.),Alabama,3947,3947,3950,3949,3924
157,01,093,99990,00000,00000,Balance of Marion County,Alabama,13407,13408,13411,13383,13289
050,01,095,00000,00000,00000,Marshall County,Alabama,93019,93019,93185,94102,94776
157,01,095,00988,00000,00000,Albertville city,Alabama,21160,21128,21160,21378,21516
157,01,095,02116,00000,00000,Arab city (pt.),Alabama,8023,8023,8039,8134,8210
157,01,095,07912,00000,00000,Boaz city (pt.),Alabama,8442,8359,8378,8470,8541
157,01,095,21328,00000,00000,Douglas town,Alabama,744,744,745,753,758
157,01,095,31096,00000,00000,Grant town,Alabama,896,900,902,908,912
157,01,095,32416,00000,00000,Guntersville city,Alabama,8197,8197,8211,8285,8343
157,01,095,68280,00000,00000,Sardis City town (pt.),Alabama,6,6,6,6,6
157,01,095,77784,00000,00000,Union Grove town,Alabama,77,77,77,78,78
157,01,095,99990,00000,00000,Balance of Marshall County,Alabama,45474,45585,45667,46090,46412
050,01,097,00000,00000,00000,Mobile County,Alabama,412992,412992,413216,413145,413936
157,01,097,04684,00000,00000,Bayou La Batre city,Alabama,2558,2558,2696,2676,2659
157,01,097,14392,00000,00000,Chickasaw city,Alabama,6106,6106,6090,6059,6023
157,01,097,15064,00000,00000,Citronelle city,Alabama,3905,3905,3900,3899,3886
157,01,097,18304,00000,00000,Creola city,Alabama,1926,1926,1923,1923,1924
157,01,097,19744,00000,00000,Dauphin Island town,Alabama,1238,1238,1235,1236,1236
157,01,097,50000,00000,00000,Mobile city,Alabama,195111,195092,195075,194684,194822
157,01,097,52608,00000,00000,Mount Vernon town,Alabama,1574,1570,1566,1564,1562
157,01,097,62496,00000,00000,Prichard city,Alabama,22659,22671,22614,22503,22416
157,01,097,68160,00000,00000,Saraland city,Alabama,13405,13472,13446,13443,13490
157,01,097,68352,00000,00000,Satsuma city,Alabama,6168,6168,6157,6146,6133
157,01,097,69240,00000,00000,Semmes city,Alabama,X,3064,3054,3033,3019
157,01,097,99990,00000,00000,Balance of Mobile County,Alabama,158342,155222,155460,155979,156766
050,01,099,00000,00000,00000,Monroe County,Alabama,23068,23070,22974,22779,22602
157,01,099,04900,00000,00000,Beatrice town,Alabama,301,302,301,299,297
157,01,099,24880,00000,00000,Excel town,Alabama,723,723,720,713,705
157,01,099,28312,00000,00000,Frisco City town,Alabama,1309,1309,1304,1290,1280
157,01,099,50192,00000,00000,Monroeville city,Alabama,6519,6501,6473,6417,6363
157,01,099,79272,00000,00000,Vredenburgh town,Alabama,312,312,311,309,306
157,01,099,99990,00000,00000,Balance of Monroe County,Alabama,13904,13923,13865,13751,13651
050,01,101,00000,00000,00000,Montgomery County,Alabama,229363,229363,229753,231910,230149
157,01,101,51000,00000,00000,Montgomery city,Alabama,205764,205600,205935,207807,205293
157,01,101,59760,00000,00000,Pike Road town,Alabama,5406,5399,5431,5564,6555
157,01,101,99990,00000,00000,Balance of Montgomery County,Alabama,18193,18364,18387,18539,18301
050,01,103,00000,00000,00000,Morgan County,Alabama,119490,119490,119585,120024,120395
157,01,103,20104,00000,00000,Decatur city (pt.),Alabama,55599,55593,55627,55771,55908
157,01,103,24688,00000,00000,Eva town,Alabama,519,519,519,520,521
157,01,103,25648,00000,00000,Falkville town,Alabama,1279,1279,1280,1281,1281
157,01,103,33448,00000,00000,Hartselle city,Alabama,14255,14259,14271,14429,14489
157,01,103,62472,00000,00000,Priceville town,Alabama,2658,2658,2677,2756,2826
157,01,103,71496,00000,00000,Somerville town,Alabama,724,724,724,726,727
157,01,103,76872,00000,00000,Trinity town,Alabama,2095,2095,2099,2118,2136
157,01,103,99990,00000,00000,Balance of Morgan County,Alabama,42361,42363,42388,42423,42507
050,01,105,00000,00000,00000,Perry County,Alabama,10591,10581,10522,10509,10181
157,01,105,46768,00000,00000,Marion city,Alabama,3686,3685,3666,3674,3574
157,01,105,77904,00000,00000,Uniontown town,Alabama,1775,1779,1769,1762,1701
157,01,105,99990,00000,00000,Balance of Perry County,Alabama,5130,5117,5087,5073,4906
050,01,107,00000,00000,00000,Pickens County,Alabama,19746,19746,19690,19371,19405
157,01,107,01228,00000,00000,Aliceville city,Alabama,2486,2478,2471,2429,2432
157,01,107,12304,00000,00000,Carrollton town,Alabama,1019,1019,1017,1004,1006
157,01,107,24472,00000,00000,Ethelsville town,Alabama,81,76,76,75,75
157,01,107,30736,00000,00000,Gordo town,Alabama,1750,1750,1745,1718,1720
157,01,107,45640,00000,00000,McMullen town,Alabama,10,10,10,10,10
157,01,107,48052,00000,00000,Memphis town,Alabama,29,29,29,28,29
157,01,107,59592,00000,00000,Pickensville town,Alabama,608,608,606,595,597
157,01,107,64104,00000,00000,Reform town,Alabama,1702,1705,1701,1674,1675
157,01,107,99990,00000,00000,Balance of Pickens County,Alabama,12061,12071,12035,11838,11861
050,01,109,00000,00000,00000,Pike County,Alabama,32899,32899,32964,32893,33182
157,01,109,03940,00000,00000,Banks town,Alabama,179,179,179,179,180
157,01,109,10240,00000,00000,Brundidge city,Alabama,2076,2076,2077,2068,2074
157,01,109,30880,00000,00000,Goshen town,Alabama,266,266,266,266,267
157,01,109,76920,00000,00000,Troy city,Alabama,18033,18020,18070,18048,18264
157,01,109,99990,00000,00000,Balance of Pike County,Alabama,12345,12358,12372,12332,12397
050,01,111,00000,00000,00000,Randolph County,Alabama,22913,22914,22889,22842,22675
157,01,111,65040,00000,00000,Roanoke city,Alabama,6074,6074,6068,6058,6015
157,01,111,79344,00000,00000,Wadley town,Alabama,751,751,750,748,742
157,01,111,80496,00000,00000,Wedowee town,Alabama,823,823,822,819,813
157,01,111,83400,00000,00000,Woodland town,Alabama,184,184,184,184,182
157,01,111,99990,00000,00000,Balance of Randolph County,Alabama,15081,15082,15065,15033,14923
050,01,113,00000,00000,00000,Russell County,Alabama,52947,52949,53238,55035,57820
157,01,113,37096,00000,00000,Hurtsboro town,Alabama,553,553,553,554,585
157,01,113,59472,00000,00000,Phenix City city (pt.),Alabama,28669,28711,28954,30175,31643
157,01,113,99990,00000,00000,Balance of Russell County,Alabama,23725,23685,23731,24306,25592
050,01,115,00000,00000,00000,St. Clair County,Alabama,83593,83598,83835,84348,85237
157,01,115,02320,00000,00000,Argo town (pt.),Alabama,4010,4010,4019,4035,4070
157,01,115,02908,00000,00000,Ashville city,Alabama,2212,2212,2219,2224,2234
157,01,115,41968,00000,00000,Leeds city (pt.),Alabama,1858,1857,1866,1883,1906
157,01,115,46696,00000,00000,Margaret town,Alabama,4428,4420,4429,4443,4470
157,01,115,51096,00000,00000,Moody city,Alabama,11726,11727,11775,11937,12150
157,01,115,56400,00000,00000,Odenville town,Alabama,3585,3583,3591,3606,3629
157,01,115,58896,00000,00000,Pell City city,Alabama,12695,12678,12737,12865,13129
157,01,115,63216,00000,00000,Ragland town,Alabama,1639,1636,1639,1646,1656
157,01,115,64920,00000,00000,Riverside town,Alabama,2208,2208,2215,2236,2255
157,01,115,72600,00000,00000,Springville city,Alabama,4080,4080,4091,4119,4154
157,01,115,72888,00000,00000,Steele town,Alabama,1043,1043,1045,1049,1056
157,01,115,76944,00000,00000,Trussville city (pt.),Alabama,483,483,484,489,495
157,01,115,79008,00000,00000,Vincent town (pt.),Alabama,0,0,0,0,0
157,01,115,99990,00000,00000,Balance of St. Clair County,Alabama,33626,33661,33725,33816,34033
050,01,117,00000,00000,00000,Shelby County,Alabama,195085,195080,195879,198123,200941
157,01,117,00820,00000,00000,Alabaster city,Alabama,30352,30359,30460,30690,30991
157,01,117,07000,00000,00000,Birmingham city (pt.),Alabama,1628,1675,1680,1695,1712
157,01,117,11416,00000,00000,Calera city (pt.),Alabama,11524,11526,11647,12049,12371
157,01,117,14104,00000,00000,Chelsea city,Alabama,10183,10347,10405,10560,10801
157,01,117,16768,00000,00000,Columbiana city,Alabama,4197,4150,4156,4175,4203
157,01,117,33256,00000,00000,Harpersville town,Alabama,1637,1651,1655,1664,1673
157,01,117,34024,00000,00000,Helena city (pt.),Alabama,14568,14646,14698,14831,14987
157,01,117,35896,00000,00000,Hoover city (pt.),Alabama,23037,22536,22634,22958,23543
157,01,117,37465,00000,00000,Indian Springs Village city,Alabama,2363,2413,2422,2437,2463
157,01,117,41968,00000,00000,Leeds city (pt.),Alabama,106,106,106,107,108
157,01,117,50312,00000,00000,Montevallo city,Alabama,6323,6283,6303,6388,6452
157,01,117,58848,00000,00000,Pelham city,Alabama,21352,21367,21463,21698,22012
157,01,117,78552,00000,00000,Vestavia Hills city (pt.),Alabama,14,12,12,12,12
157,01,117,79008,00000,00000,Vincent town (pt.),Alabama,1988,2011,2016,2025,2038
157,01,117,81504,00000,00000,Westover town,Alabama,1275,1221,1247,1313,1358
157,01,117,82848,00000,00000,Wilsonville town,Alabama,1827,1884,1889,1908,1929
157,01,117,82872,00000,00000,Wilton town,Alabama,687,684,686,690,694
157,01,117,99990,00000,00000,Balance of Shelby County,Alabama,62024,62209,62400,62923,63594
050,01,119,00000,00000,00000,Sumter County,Alabama,13763,13763,13746,13542,13427
157,01,119,18952,00000,00000,Cuba town,Alabama,346,346,345,338,333
157,01,119,23872,00000,00000,Emelle town,Alabama,53,53,53,52,51
157,01,119,24256,00000,00000,Epes town,Alabama,192,193,193,189,187
157,01,119,28768,00000,00000,Gainesville town,Alabama,208,208,207,203,202
157,01,119,29392,00000,00000,Geiger town,Alabama,170,170,170,166,165
157,01,119,43720,00000,00000,Livingston city,Alabama,3485,3458,3454,3483,3459
157,01,119,84096,00000,00000,York city,Alabama,2538,2538,2543,2486,2462
157,01,119,99990,00000,00000,Balance of Sumter County,Alabama,6771,6797,6781,6625,6568
050,01,121,00000,00000,00000,Talladega County,Alabama,82291,82291,82023,81774,81762
157,01,121,08248,00000,00000,Bon Air town,Alabama,116,116,116,115,115
157,01,121,14464,00000,00000,Childersburg city,Alabama,5175,5182,5162,5145,5124
157,01,121,43120,00000,00000,Lincoln city,Alabama,6266,6261,6255,6281,6337
157,01,121,52848,00000,00000,Munford town,Alabama,1292,1292,1287,1280,1278
157,01,121,55752,00000,00000,Oak Grove town,Alabama,528,529,527,525,524
157,01,121,57576,00000,00000,Oxford city (pt.),Alabama,4151,4132,4125,4130,4136
157,01,121,74352,00000,00000,Sylacauga city,Alabama,12749,12802,12757,12689,12761
157,01,121,74592,00000,00000,Talladega city,Alabama,15676,15666,15613,15638,15591
157,01,121,74616,00000,00000,Talladega Springs town,Alabama,166,166,165,165,165
157,01,121,79008,00000,00000,Vincent town (pt.),Alabama,0,0,0,0,0
157,01,121,79488,00000,00000,Waldo town,Alabama,283,283,282,281,280
157,01,121,99990,00000,00000,Balance of Talladega County,Alabama,35889,35862,35734,35525,35451
050,01,123,00000,00000,00000,Tallapoosa County,Alabama,41616,41618,41508,41495,41168
157,01,123,01132,00000,00000,Alexander City city,Alabama,14875,14875,14837,14832,14728
157,01,123,11680,00000,00000,Camp Hill town,Alabama,1014,1014,1011,1009,999
157,01,123,19336,00000,00000,Dadeville city,Alabama,3230,3229,3219,3213,3194
157,01,123,19816,00000,00000,Daviston town,Alabama,214,214,213,214,212
157,01,123,30448,00000,00000,Goldville town,Alabama,55,55,55,55,54
157,01,123,38248,00000,00000,Jacksons' Gap town,Alabama,828,828,826,824,817
157,01,123,54432,00000,00000,New Site town,Alabama,773,773,771,771,764
157,01,123,74688,00000,00000,Tallassee city (pt.),Alabama,1709,1709,1705,1704,1690
157,01,123,99990,00000,00000,Balance of Tallapoosa County,Alabama,18918,18921,18871,18873,18710
050,01,125,00000,00000,00000,Tuscaloosa County,Alabama,194656,194653,194969,196818,198596
157,01,125,09808,00000,00000,Brookwood town,Alabama,1828,1828,1828,1837,1842
157,01,125,16000,00000,00000,Coaling town,Alabama,1657,1660,1660,1668,1673
157,01,125,16312,00000,00000,Coker town,Alabama,979,976,976,982,985
157,01,125,40928,00000,00000,Lake View town,Alabama,1943,1943,1954,2000,2036
157,01,125,51648,00000,00000,Moundville town (pt.),Alabama,722,722,725,738,742
157,01,125,55200,00000,00000,Northport city,Alabama,23330,23352,23442,23741,24088
157,01,125,77256,00000,00000,Tuscaloosa city,Alabama,90468,90898,91091,92162,93357
157,01,125,78264,00000,00000,Vance town (pt.),Alabama,1480,1477,1485,1492,1493
157,01,125,83640,00000,00000,Woodstock town (pt.),Alabama,98,98,98,99,101
157,01,125,99990,00000,00000,Balance of Tuscaloosa County,Alabama,72151,71699,71710,72099,72279
050,01,127,00000,00000,00000,Walker County,Alabama,67023,67023,67011,66665,66221
157,01,127,12016,00000,00000,Carbon Hill city,Alabama,2021,2021,2021,2010,1996
157,01,127,17368,00000,00000,Cordova city,Alabama,2095,2095,2093,2079,2061
157,01,127,21136,00000,00000,Dora city,Alabama,2025,2025,2025,2016,2000
157,01,127,23344,00000,00000,Eldridge town,Alabama,130,130,130,130,129
157,01,127,38416,00000,00000,Jasper city,Alabama,14352,14388,14387,14324,14235
157,01,127,39280,00000,00000,Kansas town,Alabama,226,226,226,225,224
157,01,127,53400,00000,00000,Nauvoo town (pt.),Alabama,220,216,216,215,214
157,01,127,55992,00000,00000,Oakman town,Alabama,789,786,786,781,774
157,01,127,58272,00000,00000,Parrish town,Alabama,982,990,990,984,978
157,01,127,70704,00000,00000,Sipsey town,Alabama,437,435,435,433,431
157,01,127,73848,00000,00000,Sumiton city (pt.),Alabama,2504,2499,2497,2480,2458
157,01,127,99990,00000,00000,Balance of Walker County,Alabama,41242,41212,41205,40988,40721
050,01,129,00000,00000,00000,Washington County,Alabama,17581,17586,17598,17340,17109
157,01,129,14008,00000,00000,Chatom town,Alabama,1288,1288,1289,1273,1256
157,01,129,45472,00000,00000,McIntosh town,Alabama,238,236,236,233,230
157,01,129,48832,00000,00000,Millry town,Alabama,546,546,546,539,532
157,01,129,99990,00000,00000,Balance of Washington County,Alabama,15509,15516,15527,15295,15091
050,01,131,00000,00000,00000,Wilcox County,Alabama,11670,11665,11572,11510,11431
157,01,131,11512,00000,00000,Camden city,Alabama,2020,2020,2005,2002,1990
157,01,131,55848,00000,00000,Oak Hill town,Alabama,26,26,26,26,25
157,01,131,59880,00000,00000,Pine Apple town,Alabama,132,132,131,130,130
157,01,131,60240,00000,00000,Pine Hill town,Alabama,975,973,965,959,950
157,01,131,83976,00000,00000,Yellow Bluff town,Alabama,188,186,184,184,183
157,01,131,99990,00000,00000,Balance of Wilcox County,Alabama,8329,8328,8261,8209,8153
050,01,133,00000,00000,00000,Winston County,Alabama,24484,24483,24385,24281,24108
157,01,133,00484,00000,00000,Addison town,Alabama,758,756,753,751,746
157,01,133,02500,00000,00000,Arley town,Alabama,357,359,358,356,354
157,01,133,21280,00000,00000,Double Springs town,Alabama,1083,1084,1081,1076,1068
157,01,133,32704,00000,00000,Haleyville city (pt.),Alabama,4125,4126,4108,4087,4055
157,01,133,44800,00000,00000,Lynn town,Alabama,659,658,655,651,647
157,01,133,53376,00000,00000,Natural Bridge town,Alabama,37,37,37,37,36
157,01,133,53400,00000,00000,Nauvoo town (pt.),Alabama,1,1,1,1,1
157,01,133,99990,00000,00000,Balance of Winston County,Alabama,17464,17462,17392,17322,17201
